Workbook
Name CRESTA: [1]Reference!#REF!
Name General_tab: '[2]Contact information'!$D$5,'[2]Contact information'!$D$7,'[2]Contact information'!$D$9,'[2]Contact information'!$D$10,'[2]Contact information'!$D$11
Name ModellingMethod: [1]Reference!$D$3:$D$10
Name RMSVersions: [1]Reference!$E$3:$E$5
Name Syndicates: [1]Reference!$B$3:$B$89

Sheet 06 California Wildfire Aggs
B2: California Wildfire aggregates at County level
B3: Static property exposure data as at 01/01/2025 (USD units)
B5: Table 1 | H5: Table 2
B6: County | C6: Property D&F | E6: Energy | F6: Other | H6: Property Treaty | I6: Cat XL | J6: Risk XL | K6: Proportional
C7: Open Market | D7: Binding Authorities | E7: Onshore | H7: State-wide total
B8: Alameda | C8: =SUMIF('Core data'!N:N,'06 California Wildfire Aggs'!B8,'Core data'!M:M) -> 0
B9: Alpine | C9: =SUMIF('Core data'!N:N,'06 California Wildfire Aggs'!B9,'Core data'!M:M) -> 0
B10: Amador | C10: =SUMIF('Core data'!N:N,'06 California Wildfire Aggs'!B10,'Core data'!M:M) -> 0
B11: Butte | C11: =SUMIF('Core data'!N:N,'06 California Wildfire Aggs'!B11,'Core data'!M:M) -> 0 | H11: Table 3 | I11: Aggregate Allocation %
B12: Calaveras | C12: =SUMIF('Core data'!N:N,'06 California Wildfire Aggs'!B12,'Core data'!M:M) -> 0 | H12: Class of Business | I12: Known | J12: 'Deemed'
B13: Colusa | C13: =SUMIF('Core data'!N:N,'06 California Wildfire Aggs'!B13,'Core data'!M:M) -> 0 | H13: Open Market D&F
B14: Contra Costa | C14: =SUMIF('Core data'!N:N,'06 California Wildfire Aggs'!B14,'Core data'!M:M) -> 0 | H14: Binding Authorities
B15: Del Norte | C15: =SUMIF('Core data'!N:N,'06 California Wildfire Aggs'!B15,'Core data'!M:M) -> 0 | H15: Energy (onshore)
B16: El Dorado | C16: =SUMIF('Core data'!N:N,'06 California Wildfire Aggs'!B16,'Core data'!M:M) -> 0 | H16: Other
B17: Fresno | C17: =SUMIF('Core data'!N:N,'06 California Wildfire Aggs'!B17,'Core data'!M:M) -> 0 | H17: Treaty - Cat XL
B18: Glenn | C18: =SUMIF('Core data'!N:N,'06 California Wildfire Aggs'!B18,'Core data'!M:M) -> 0 | H18: Treaty - Risk XL
B19: Humboldt | C19: =SUMIF('Core data'!N:N,'06 California Wildfire Aggs'!B19,'Core data'!M:M) -> 0 | H19: Treaty - Proportional
B20: Imperial | C20: =SUMIF('Core data'!N:N,'06 California Wildfire Aggs'!B20,'Core data'!M:M) -> 0
B21: Inyo | C21: =SUMIF('Core data'!N:N,'06 California Wildfire Aggs'!B21,'Core data'!M:M) -> 0
B22: Kern | C22: =SUMIF('Core data'!N:N,'06 California Wildfire Aggs'!B22,'Core data'!M:M) -> 0
B23: Kings | C23: =SUMIF('Core data'!N:N,'06 California Wildfire Aggs'!B23,'Core data'!M:M) -> 0
B24: Lake | C24: =SUMIF('Core data'!N:N,'06 California Wildfire Aggs'!B24,'Core data'!M:M) -> 0
B25: Lassen | C25: =SUMIF('Core data'!N:N,'06 California Wildfire Aggs'!B25,'Core data'!M:M) -> 0
B26: Los Angeles | C26: =SUMIF('Core data'!N:N,'06 California Wildfire Aggs'!B26,'Core data'!M:M) -> 4367802.9
B27: Madera | C27: =SUMIF('Core data'!N:N,'06 California Wildfire Aggs'!B27,'Core data'!M:M) -> 0
B28: Marin | C28: =SUMIF('Core data'!N:N,'06 California Wildfire Aggs'!B28,'Core data'!M:M) -> 0
B29: Mariposa | C29: =SUMIF('Core data'!N:N,'06 California Wildfire Aggs'!B29,'Core data'!M:M) -> 0
B30: Mendocino | C30: =SUMIF('Core data'!N:N,'06 California Wildfire Aggs'!B30,'Core data'!M:M) -> 0
B31: Merced | C31: =SUMIF('Core data'!N:N,'06 California Wildfire Aggs'!B31,'Core data'!M:M) -> 0
... B65: Yuba | C65: =SUMIF('Core data'!N:N,'06 California Wildfire Aggs'!B65,'Core data'!M:M) -> 0

Sheet Core data
A1: PORTNAME | B1: cntrycode | C1: COUNTRY | D1: statecode | E1: county | F1: cresta | G1: accgrpid | H1: ACCGRPNUM | I1: Currency | J1: TSI | K1: TSI_NET | L1: TSI_GBP | M1: TSI_USD_NET | N1: Remove county
A2: S33_FA_Lloyds | B2: US | C2: US | D2: CA | E2: LOS ANGELES COUNTY | F2: B2 | G2: 176947 | H2: 1BABC240AFCD_32 | I2: GBP | J2: 1729869.6 | K2: 1729869.6 | L2: 1729869.6 | M2: 2330826.3 | N2: =TRIM(LEFT(E2,SEARCH("County",E2,1)-1)) -> LOS ANGELES
A3: S33_FA_Lloyds | B3: US | C3: US | D3: CA | E3: SACRAMENTO COUNTY | F3: G | G3: 176679 | H3: 17J73240AFMD_32 | I3: GBP | J3: 217361.87 | K3: 217361.87 | L3: 217361.87 | M3: 292873.39 | N3: =TRIM(LEFT(E3,SEARCH("County",E3,1)-1)) -> SACRAMENTO
A4: S33_FA_Lloyds | B4: US | C4: US | D4: CA | E4: SAN FRANCISCO COUNTY | F4: A1 | G4: 176679 | H4: 17J73240AFMD_32 | I4: GBP | J4: 1476466.3 | K4: 1476466.3 | L4: 1476466.3 | M4: 1989390.6 | N4: =TRIM(LEFT(E4,SEARCH("County",E4,1)-1)) -> SAN FRANCISCO
A5: S33_FA_Lloyds | B5: US | C5: US | D5: CA | E5: SAN JOAQUIN COUNTY | F5: G | G5: 176679 | H5: 17J73240AFMD_32 | I5: GBP | J5: 6449872.9 | K5: 6449872.9 | L5: 6449872.9 | M5: 8690558.7 | N5: =TRIM(LEFT(E5,SEARCH("County",E5,1)-1)) -> SAN JOAQUIN
A6: S33_FA_Lloyds_QS | B6: US | C6: US | D6: CA | E6: ORANGE COUNTY | F6: B3 | G6: 176781 | H6: 19NFT240AFPD_32 | I6: GBP | J6: 720437.4 | K6: 360218.7 | L6: 720437.4 | M6: 485358.68 | N6: =TRIM(LEFT(E6,SEARCH("County",E6,1)-1)) -> ORANGE
A7: S33_FA_Lloyds_SRP | B7: US | C7: US | D7: CA | E7: LOS ANGELES COUNTY | F7: B1 | G7: 176636 | H7: 165L2250AFPA_32 | I7: GBP | J7: 4535394.8 | K7: 1511783.1 | L7: 4535394.8 | M7: 2036976.6 | N7: =TRIM(LEFT(E7,SEARCH("County",E7,1)-1)) -> LOS ANGELES
A8: S3624_COMM_UK | B8: US | C8: US | D8: CA | E8: SAN FRANCISCO COUNTY | F8: A1 | G8: 176412 | H8: 9649559_44 | I8: GBP | J8: 345000 | K8: 345000 | L8: 345000 | M8: 464853 | N8: =TRIM(LEFT(E8,SEARCH("County",E8,1)-1)) -> SAN FRANCISCO

Sheet AUDIT_SUMMARY
A1: AUDIT SUMMARY | B1: UKEU - Supplementary Info - RDL - Jan26 - Workings - California WF.xlsx
A2: Purpose | B2: Produce California wildfire exposure by county.
A3: Status | B3: January 2026 working file with a legacy 01/01/2025 report label; cached values are preserved.
A4: Sources | B4: Weather exposure/proxy decision or the structurally matching FA_California_Aggs.sql extract.
A5: Process | B5: Populate Core data A:M. Helper column N extracts county text and the county report sums net USD exposure from column M.
A6: Outputs | B6: California county report, followed by reviewed manual template handoff.
A7: Required control | B7: The source email says wildfire was not monitored separately. Obtain approval for the proxy/PML and correct as-of date before use.
A8: January baseline SHA-256 | B8: 36267a772d2a4252286d891556541296364a4bab15f028cee4dd6fd84fd9f0e8
A9: Run record | B9: Record server, database, codes, row count, totals, FX, operator, reviewer and date.
A10: Documentation | B10: Start at docs/index.md. This sheet is a guide, not regulatory approval.
