Workbook
Name CRESTA: [1]Reference!#REF!
Name General_tab: '[2]Contact information'!$D$5,'[2]Contact information'!$D$7,'[2]Contact information'!$D$9,'[2]Contact information'!$D$10,'[2]Contact information'!$D$11
Name ModellingMethod: [1]Reference!$D$3:$D$10
Name RMSVersions: [1]Reference!$E$3:$E$5
Name Syndicates: [1]Reference!$B$3:$B$89

Sheet 11 LIC EU CRESTA
B2: EU Aggregates by Low Res CRESTA
B3: As at 01/07/2024 (EURO units)
B5: Earthquake | F5: Flood
B6: Country | C6: CRESTA ID | D6: Aggregate | F6: Country | G6: CRESTA ID | H6: Aggregate
B7: Austria | C7: AUT_10 | D7: =SUMIFS('Core data EQ'!U:U,'Core data EQ'!L:L,'11 LIC EU CRESTA'!C7) -> 98942915 | F7: Austria | G7: AUT_10 | H7: =SUMIFS('Core data FL'!$U:$U,'Core data FL'!L:L, G7) -> 73432474
B8: Austria | C8: AUT_11 | D8: =SUMIFS('Core data EQ'!U:U,'Core data EQ'!L:L,'11 LIC EU CRESTA'!C8) -> 8572439 | F8: Austria | G8: AUT_11 | H8: =SUMIFS('Core data FL'!$U:$U,'Core data FL'!L:L, G8) -> 6362208
B9: Austria | C9: AUT_12 | D9: =SUMIFS('Core data EQ'!U:U,'Core data EQ'!L:L,'11 LIC EU CRESTA'!C9) -> 3856132.7 | F9: Austria | G9: AUT_12 | H9: =SUMIFS('Core data FL'!$U:$U,'Core data FL'!L:L, G9) -> 2861906.4
B10: Austria | C10: AUT_13 | D10: =SUMIFS('Core data EQ'!U:U,'Core data EQ'!L:L,'11 LIC EU CRESTA'!C10) -> 0 | F10: Austria | G10: AUT_13 | H10: =SUMIFS('Core data FL'!$U:$U,'Core data FL'!L:L, G10) -> 0
B11: Austria | C11: AUT_20 | D11: =SUMIFS('Core data EQ'!U:U,'Core data EQ'!L:L,'11 LIC EU CRESTA'!C11) -> 0 | F11: Austria | G11: AUT_20 | H11: =SUMIFS('Core data FL'!$U:$U,'Core data FL'!L:L, G11) -> 0
B12: Austria | C12: AUT_21 | D12: =SUMIFS('Core data EQ'!U:U,'Core data EQ'!L:L,'11 LIC EU CRESTA'!C12) -> 0 | F12: Austria | G12: AUT_21 | H12: =SUMIFS('Core data FL'!$U:$U,'Core data FL'!L:L, G12) -> 0
B13: Austria | C13: AUT_22 | D13: =SUMIFS('Core data EQ'!U:U,'Core data EQ'!L:L,'11 LIC EU CRESTA'!C13) -> 0 | F13: Austria | G13: AUT_22 | H13: =SUMIFS('Core data FL'!$U:$U,'Core data FL'!L:L, G13) -> 0
B14: Austria | C14: AUT_23 | D14: =SUMIFS('Core data EQ'!U:U,'Core data EQ'!L:L,'11 LIC EU CRESTA'!C14) -> 0 | F14: Austria | G14: AUT_23 | H14: =SUMIFS('Core data FL'!$U:$U,'Core data FL'!L:L, G14) -> 0
B15: Austria | C15: AUT_24 | D15: =SUMIFS('Core data EQ'!U:U,'Core data EQ'!L:L,'11 LIC EU CRESTA'!C15) -> 0 | F15: Austria | G15: AUT_24 | H15: =SUMIFS('Core data FL'!$U:$U,'Core data FL'!L:L, G15) -> 0
B16: Austria | C16: AUT_25 | D16: =SUMIFS('Core data EQ'!U:U,'Core data EQ'!L:L,'11 LIC EU CRESTA'!C16) -> 0 | F16: Austria | G16: AUT_25 | H16: =SUMIFS('Core data FL'!$U:$U,'Core data FL'!L:L, G16) -> 0
B17: Austria | C17: AUT_26 | D17: =SUMIFS('Core data EQ'!U:U,'Core data EQ'!L:L,'11 LIC EU CRESTA'!C17) -> 0 | F17: Austria | G17: AUT_26 | H17: =SUMIFS('Core data FL'!$U:$U,'Core data FL'!L:L, G17) -> 0
B18: Austria | C18: AUT_27 | D18: =SUMIFS('Core data EQ'!U:U,'Core data EQ'!L:L,'11 LIC EU CRESTA'!C18) -> 0 | F18: Austria | G18: AUT_27 | H18: =SUMIFS('Core data FL'!$U:$U,'Core data FL'!L:L, G18) -> 0
... B950: Switzerland | C950: CHE_ZH | D950: =SUMIFS('Core data EQ'!U:U,'Core data EQ'!L:L,'11 LIC EU CRESTA'!C950) -> 7.6169438e+08 | F950: Italy | G950: ITA_29 | H950: =SUMIFS('Core data FL'!$U:$U,'Core data FL'!L:L, G950) -> 296694.21
F951: Italy | G951: ITA_30 | H951: =SUMIFS('Core data FL'!$U:$U,'Core data FL'!L:L, G951) -> 59204204
F952: Italy | G952: ITA_31 | H952: =SUMIFS('Core data FL'!$U:$U,'Core data FL'!L:L, G952) -> 144628.1
F953: Italy | G953: ITA_32 | H953: =SUMIFS('Core data FL'!$U:$U,'Core data FL'!L:L, G953) -> 2148760.3
F954: Italy | G954: ITA_33 | H954: =SUMIFS('Core data FL'!$U:$U,'Core data FL'!L:L, G954) -> 1157355.4
F955: Italy | G955: ITA_34 | H955: =SUMIFS('Core data FL'!$U:$U,'Core data FL'!L:L, G955) -> 0
F956: Italy | G956: ITA_35 | H956: =SUMIFS('Core data FL'!$U:$U,'Core data FL'!L:L, G956) -> 8928770.6
F957: Italy | G957: ITA_36 | H957: =SUMIFS('Core data FL'!$U:$U,'Core data FL'!L:L, G957) -> 4745083.5
F958: Italy | G958: ITA_37 | H958: =SUMIFS('Core data FL'!$U:$U,'Core data FL'!L:L, G958) -> 2615702.5
F959: Italy | G959: ITA_38 | H959: =SUMIFS('Core data FL'!$U:$U,'Core data FL'!L:L, G959) -> 0
F960: Italy | G960: ITA_39 | H960: =SUMIFS('Core data FL'!$U:$U,'Core data FL'!L:L, G960) -> 4264462.8
F961: Italy | G961: ITA_40 | H961: =SUMIFS('Core data FL'!$U:$U,'Core data FL'!L:L, G961) -> 10171940
F962: Italy | G962: ITA_41 | H962: =SUMIFS('Core data FL'!$U:$U,'Core data FL'!L:L, G962) -> 661157.02
... F1885: Switzerland | G1885: CHE_ZH | H1885: =SUMIFS('Core data FL'!$U:$U,'Core data FL'!L:L, G1885) -> 5.6627464e+08

Sheet Core data FL
A1: PORTNAME | B1: Reclassification | C1: Countrycode | D1: COUNTRY | E1: CITY | F1: cresta | G1: COUNTY | H1: STATE | I1: latitude | J1: longitude | K1: ADDRMATCH | L1: Zone3Name | M1: ACCGRPNAME | N1: LIMITCUR | O1: TSI | P1: TSI_NET | Q1: TSI_GBP | R1: TSI_USD_NET | S1: Scale Factor | T1: TSI_USD_Scaled | U1: TSI_EUR_SCALED
A2: S33_FA_EU_BE | C2: CH | D2: Switzerland | E2: Grindelwald | F2: 6 | G2: Interlaken-Oberhasli | H2: Bern | I2: 46.629129 | J2: 8.018818 | K2: 1 | L2: CHE_BE | M2: 1 | N2: GBP | O2: 4210062.4 | P2: 4210062.4 | Q2: 4210062.4 | R2: 5672638.1 | S2: 1 | T2: =S2*R2 -> 5672638.1 | U2: =T2*Fx!$C$7 -> 5860163.3
A3: S33_FA_EU_BE | C3: CH | D3: Switzerland | E3: Rougemont | F3: 23 | G3: La Riviera-Pays-d'Enhaut | H3: Vaud | I3: 46.497496 | J3: 7.236686 | K3: 1 | L3: CHE_VD | M3: 1 | N3: GBP | O3: 20363.2 | P3: 20363.2 | Q3: 20363.2 | R3: 27437.376 | S3: 1 | T3: =S3*P3 -> 20363.2 | U3: =T3*Fx!$C$7 -> 21036.364
A4: S33_FA_EU_BE | C4: CH | D4: Switzerland | E4: Munchenstein | F4: 4 | G4: Arlesheim | H4: Basel-Land | I4: 47.530783 | J4: 7.610589 | K4: 1 | L4: CHE_BL | M4: 1 | N4: GBP | O4: 1685164.8 | P4: 1685164.8 | Q4: 1685164.8 | R4: 2270591.1 | S4: 1 | T4: =S4*P4 -> 1685164.8 | U4: =T4*Fx!$C$7 -> 1740872.7
A5: S33_FA_EU_BE | C5: CH | D5: Switzerland | E5: Gerignoz | F5: 23 | G5: La Riviera-Pays-d'Enhaut | H5: Vaud | I5: 46.476198 | J5: 7.138447 | K5: 1 | L5: CHE_VD | M5: 1 | N5: GBP | O5: 536592 | P5: 536592 | Q5: 536592 | R5: 723004.06 | S5: 1 | T5: =S5*P5 -> 536592 | U5: =T5*Fx!$C$7 -> 554330.58
A6: S33_FA_EU_BE | C6: CH | D6: Switzerland | E6: Kloten | F6: 25 | G6: Bulach | H6: Zurich | I6: 47.448053 | J6: 8.602014 | K6: 1 | L6: CHE_ZH | M6: 1 | N6: GBP | O6: 208000 | P6: 208000 | Q6: 208000 | R6: 280259.2 | S6: 1 | T6: =S6*P6 -> 208000 | U6: =T6*Fx!$C$7 -> 214876.03
A7: S33_FA_EU_BE | C7: CH | D7: Switzerland | E7: Les Acacias | F7: 8 | G7: Geneve | H7: Geneve | I7: 46.187685 | J7: 6.127761 | K7: 1 | L7: CHE_GE | M7: 1 | N7: GBP | O7: 4000000 | P7: 4000000 | Q7: 4000000 | R7: 5389600 | S7: 1 | T7: =S7*P7 -> 4000000 | U7: =T7*Fx!$C$7 -> 4132231.4
A8: S33_FA_EU_BE | C8: CH | D8: Switzerland | E8: Melchtal | F8: 15 | G8: Obwalden | H8: Obwalden | I8: 46.799817 | J8: 8.245024 | K8: 1 | L8: CHE_OW | M8: 1 | N8: GBP | O8: 175092.8 | P8: 175092.8 | Q8: 175092.8 | R8: 235920.04 | S8: 1 | T8: =S8*P8 -> 175092.8 | U8: =T8*Fx!$C$7 -> 180880.99
A9: S33_FA_EU_BE | C9: CH | D9: Switzerland | E9: Les Acacias | F9: 8 | G9: Geneve | H9: Geneve | I9: 46.179922 | J9: 6.133343 | K9: 1 | L9: CHE_GE | M9: 1 | N9: GBP | O9: 5220811.2 | P9: 5220811.2 | Q9: 5220811.2 | R9: 7034521 | S9: 1 | T9: =S9*P9 -> 5220811.2 | U9: =T9*Fx!$C$7 -> 5393400
A10: S33_FA_EU_BE | C10: CH | D10: Switzerland | E10: Verbier | F10: 24 | G10: Entremont | H10: Valais | I10: 46.110069 | J10: 7.228075 | K10: 1 | L10: CHE_VS | M10: 1 | N10: GBP | O10: 2616400 | P10: 2616400 | Q10: 2616400 | R10: 3525337.4 | S10: 1 | T10: =S10*P10 -> 2616400 | U10: =T10*Fx!$C$7 -> 2702892.6
A11: S33_FA_EU_BE | C11: CH | D11: Switzerland | E11: Cologny | F11: 8 | G11: Geneve | H11: Geneve | I11: 46.207943 | J11: 6.192491 | K11: 1 | L11: CHE_GE | M11: 1 | N11: GBP | O11: 99156.8 | P11: 99156.8 | Q11: 99156.8 | R11: 133603.87 | S11: 1 | T11: =S11*P11 -> 99156.8 | U11: =T11*Fx!$C$7 -> 102434.71
A12: S33_FA_EU_BE | C12: CH | D12: Switzerland | E12: Verbier | F12: 24 | G12: Entremont | H12: Valais | I12: 46.105937 | J12: 7.237815 | K12: 1 | L12: CHE_VS | M12: 1 | N12: GBP | O12: 3433699.2 | P12: 3433699.2 | Q12: 3433699.2 | R12: 4626566.3 | S12: 1 | T12: =S12*P12 -> 3433699.2 | U12: =T12*Fx!$C$7 -> 3547209.9
A13: S33_FA_EU_BE | C13: CH | D13: Switzerland | E13: Dielsdorf | F13: 25 | G13: Dielsdorf | H13: Zurich | I13: 47.485184 | J13: 8.459803 | K13: 1 | L13: CHE_ZH | M13: 1 | N13: GBP | O13: 5800000 | P13: 5800000 | Q13: 5800000 | R13: 7814920 | S13: 1 | T13: =S13*P13 -> 5800000 | U13: =T13*Fx!$C$7 -> 5991735.5
A14: S33_FA_EU_BE | C14: CH | D14: Switzerland | E14: Dielsdorf | F14: 25 | G14: Dielsdorf | H14: Zurich | I14: 47.485184 | J14: 8.459803 | K14: 1 | L14: CHE_ZH | M14: 1 | N14: GBP | O14: 11429978 | P14: 11429978 | Q14: 11429978 | R14: 15400753 | S14: 1 | T14: =S14*P14 -> 11429978 | U14: =T14*Fx!$C$7 -> 11807829
... A44: S33_FA_EU_FR | C44: FR | D44: France | E44: Paris- 16e Arrondissement | F44: 75 | G44: Paris | H44: Ile-de-France | I44: 48.862061 | J44: 2.267378 | K44: 1 | L44: FRA_75 | M44: 1 | N44: GBP | O44: 8800000 | P44: 8800000 | Q44: 8800000 | R44: 11857120 | S44: 1 | T44: =S44*P44 -> 8800000 | U44: =T44*Fx!$C$7 -> 9090909.1
A45: S33_FA_EU_FR | C45: US | D45: United States | E45: NULL | G45: NEW CASTLE COUNTY | H45: DELAWARE | I45: 39.612708 | J45: -75.760362 | K45: 1 | M45: 1 | N45: GBP | O45: 2400000 | P45: 2400000 | Q45: 2400000 | R45: 3233760 | S45: 1 | T45: =S45*P45 -> 2400000 | U45: =T45*Fx!$C$7 -> 2479338.8
A46: S33_FA_EU_FR | C46: US | D46: United States | E46: NULL | G46: QUEENS COUNTY | H46: NEW YORK | I46: 40.752235 | J46: -73.942769 | K46: 1 | M46: 1 | N46: GBP | O46: 2800000 | P46: 2800000 | Q46: 2800000 | R46: 3772720 | S46: 1 | T46: =S46*P46 -> 2800000 | U46: =T46*Fx!$C$7 -> 2892562
A47: S33_FA_EU_FR | C47: US | D47: United States | E47: NULL | G47: NEW YORK COUNTY | H47: NEW YORK | I47: 40.751337 | J47: -74.006641 | K47: 1 | M47: 1 | N47: GBP | O47: 3383154.3 | P47: 3383154.3 | Q47: 3383154.3 | R47: 4558462 | S47: 1 | T47: =S47*P47 -> 3383154.3 | U47: =T47*Fx!$C$7 -> 3494994.1
A48: S33_FA_EU_FR_QS | C48: CH | D48: Switzerland | E48: Gstaad | F48: 6 | G48: Obersimmental-Saanen | H48: Bern | I48: 46.476112 | J48: 7.288304 | K48: 1 | L48: CHE_BE | M48: 0.5 | N48: GBP | O48: 33418145 | P48: 16709072 | Q48: 33418145 | R48: 22513804 | S48: 1 | T48: =S48*P48 -> 16709072 | U48: =T48*Fx!$C$7 -> 17261438
A49: S33_FA_EU_FR_SRP | C49: CA | D49: Canada | E49: Vancouver | F49: W5 | G49: Greater Vancouver | H49: British Columbia | I49: 49.228864 | J49: -123.16521 | K49: 1 | L49: CAN_V | M49: 0.333333 | N49: GBP | O49: 3422139.3 | P49: 1140701.7 | Q49: 3422139.3 | R49: 1536981.5 | S49: 1 | T49: =S49*P49 -> 1140701.7 | U49: =T49*Fx!$C$7 -> 1178410.8
A50: S33_FA_EU_FR_SRP | C50: CA | D50: Canada | E50: Whistler | F50: 11 | G50: Squamish-Lillooet | H50: British Columbia | I50: 50.116705 | J50: -122.93985 | K50: 1 | L50: CAN_V | M50: 0.333333 | N50: GBP | O50: 843804.88 | P50: 281265.48 | Q50: 843804.88 | R50: 378977.11 | S50: 1 | T50: =S50*P50 -> 281265.48 | U50: =T50*Fx!$C$7 -> 290563.51
A51: S33_FA_EU_FR_SRP | C51: CH | D51: Switzerland | E51: Coppet | F51: 23 | G51: Nyon | H51: Vaud | I51: 46.314376 | J51: 6.190777 | K51: 1 | L51: CHE_VD | M51: 0.333333 | N51: GBP | O51: 77018791 | P51: 25672674 | Q51: 77018791 | R51: 34591360 | S51: 1 | T51: =S51*P51 -> 25672674 | U51: =T51*Fx!$C$7 -> 26521357
A52: S33_FA_EU_FR_SRP | C52: CH | D52: Switzerland | E52: Les Acacias | F52: 8 | G52: Geneve | H52: Geneve | I52: 46.18 | J52: 6.1331 | K52: 1 | L52: CHE_GE | M52: 0.333333 | N52: GBP | O52: 18630316 | P52: 6210043.4 | Q52: 18630316 | R52: 8367412.4 | S52: 1 | T52: =S52*P52 -> 6210043.4 | U52: =T52*Fx!$C$7 -> 6415334.1
A53: S33_FA_EU_FR_SRP | C53: CH | D53: Switzerland | E53: Verbier | F53: 24 | G53: Entremont | H53: Valais | I53: 46.104022 | J53: 7.237468 | K53: 1 | L53: CHE_VS | M53: 0.333333 | N53: GBP | O53: 6043114.4 | P53: 2014351.3 | Q53: 6043114.4 | R53: 2714137 | S53: 1 | T53: =S53*P53 -> 2014351.3 | U53: =T53*Fx!$C$7 -> 2080941.5
A54: S33_FA_EU_FR_SRP | C54: ID | D54: Indonesia | E54: NULL | F54: 2.3 | G54: Lahat | H54: Sumatera Selatan | I54: -3.6424971 | J54: 103.28866 | K54: 8 | L54: IDN_SS | M54: 0.333333 | N54: GBP | O54: 4287005.9 | P54: 1428987.7 | Q54: 4287005.9 | R54: 1925418 | S54: 1 | T54: =S54*P54 -> 1428987.7 | U54: =T54*Fx!$C$7 -> 1476226.9
A55: S33_FA_EU_FR_SRP | C55: SE | D55: Sweden | E55: Namdo | F55: 120 | G55: Stockholms Lan | I55: 59.177728 | J55: 18.69601 | K55: 1 | L55: SWE_0120 | M55: 0.333333 | N55: GBP | O55: 1526627.5 | P55: 508870.73 | Q55: 1526627.5 | R55: 685652.42 | S55: 1 | T55: =S55*P55 -> 508870.73 | U55: =T55*Fx!$C$7 -> 525692.9
A56: S33_FA_EU_NL | C56: CH | D56: Switzerland | E56: Geneve | F56: 8 | G56: Geneve | H56: Geneve | I56: 46.21294 | J56: 6.119039 | K56: 1 | L56: CHE_GE | M56: 1 | N56: GBP | O56: 9667000 | P56: 9667000 | Q56: 9667000 | R56: 13025316 | S56: 1 | T56: =S56*P56 -> 9667000 | U56: =T56*Fx!$C$7 -> 9986570.2
A57: S33_FA_EU_NL | C57: CH | D57: Switzerland | E57: Verbier | F57: 24 | G57: Entremont | H57: Valais | I57: 46.092552 | J57: 7.234784 | K57: 1 | L57: CHE_VS | M57: 1 | N57: GBP | O57: 557200 | P57: 557200 | Q57: 557200 | R57: 750771.28 | S57: 1 | T57: =S57*P57 -> 557200 | U57: =T57*Fx!$C$7 -> 575619.83
A58: S33_FA_EU_NL | C58: CH | D58: Switzerland | E58: Geneve | F58: 8 | G58: Geneve | H58: Geneve | I58: 46.2206 | J58: 6.149 | K58: 1 | L58: CHE_GE | M58: 1 | N58: GBP | O58: 200000 | P58: 200000 | Q58: 200000 | R58: 269480 | S58: 1 | T58: =S58*P58 -> 200000 | U58: =T58*Fx!$C$7 -> 206611.57
A59: S33_FA_EU_NL | C59: CH | D59: Switzerland | E59: Geneve | F59: 8 | G59: Geneve | H59: Geneve | I59: 46.192519 | J59: 6.150821 | K59: 1 | L59: CHE_GE | M59: 1 | N59: GBP | O59: 8380633.6 | P59: 8380633.6 | Q59: 8380633.6 | R59: 11292066 | S59: 1 | T59: =S59*P59 -> 8380633.6 | U59: =T59*Fx!$C$7 -> 8657679.3
A60: S33_FA_EU_NL | C60: SG | D60: Singapore | E60: Singapore | F60: SGP_10 | G60: Bukit Timah | H60: Central | I60: 1.321388 | J60: 103.79649 | K60: 1 | L60: SGP_10 | M60: 1 | N60: GBP | O60: 134400 | P60: 134400 | Q60: 134400 | R60: 181090.56 | S60: 1 | T60: =S60*P60 -> 134400 | U60: =T60*Fx!$C$7 -> 138842.98
A61: S33_FA_Lloyds | C61: AE | D61: United Arab Emirates | E61: Dubai | G61: Dubai | H61: Dubai | I61: 25.267406 | J61: 55.292681 | K61: 7 | M61: 1 | N61: GBP | O61: 1591634.5 | P61: 1591634.5 | Q61: 1591634.5 | R61: 2144568.3 | S61: 1 | T61: =S61*P61 -> 1591634.5 | U61: =T61*Fx!$C$7 -> 1644250.5
A62: S33_FA_Lloyds | C62: AE | D62: United Arab Emirates | E62: NULL | I62: 0 | J62: 0 | K62: 0 | M62: 1 | N62: GBP | O62: 135619.71 | P62: 135619.71 | Q62: 135619.71 | R62: 182734 | S62: 1 | T62: =S62*P62 -> 135619.71 | U62: =T62*Fx!$C$7 -> 140103.01
A63: S33_FA_Lloyds | C63: AE | D63: United Arab Emirates | E63: Dubai | G63: Dubai | H63: Dubai | I63: 25.267406 | J63: 55.292681 | K63: 7 | M63: 1 | N63: GBP | O63: 4597548.7 | P63: 4597548.7 | Q63: 4597548.7 | R63: 6194737.1 | S63: 1 | T63: =S63*P63 -> 4597548.7 | U63: =T63*Fx!$C$7 -> 4749533.8
A64: S33_FA_Lloyds | C64: AE | D64: United Arab Emirates | E64: Dubai | G64: Dubai | H64: Dubai | I64: 25.267406 | J64: 55.292681 | K64: 7 | M64: 1 | N64: GBP | O64: 9401465.1 | P64: 9401465.1 | Q64: 9401465.1 | R64: 12667534 | S64: 1 | T64: =S64*P64 -> 9401465.1 | U64: =T64*Fx!$C$7 -> 9712257.4
A65: S33_FA_Lloyds | C65: AE | D65: United Arab Emirates | E65: Dubai | G65: Dubai | H65: Dubai | I65: 25.267406 | J65: 55.292681 | K65: 7 | M65: 1 | N65: GBP | O65: 316709.04 | P65: 316709.04 | Q65: 316709.04 | R65: 426733.76 | S65: 1 | T65: =S65*P65 -> 316709.04 | U65: =T65*Fx!$C$7 -> 327178.76
A66: S33_FA_Lloyds | C66: AE | D66: United Arab Emirates | E66: Dubai | G66: Dubai | H66: Dubai | I66: 25.267406 | J66: 55.292681 | K66: 7 | M66: 1 | N66: GBP | O66: 16401 | P66: 16401 | Q66: 16401 | R66: 22098.707 | S66: 1 | T66: =S66*P66 -> 16401 | U66: =T66*Fx!$C$7 -> 16943.182
A67: S33_FA_Lloyds | C67: AE | D67: United Arab Emirates | E67: Dubai | G67: Dubai | H67: Dubai | I67: 25.267406 | J67: 55.292681 | K67: 7 | M67: 1 | N67: GBP | O67: 25000 | P67: 25000 | Q67: 25000 | R67: 33685 | S67: 1 | T67: =S67*P67 -> 25000 | U67: =T67*Fx!$C$7 -> 25826.446
A68: S33_FA_Lloyds | C68: AE | D68: United Arab Emirates | E68: Abu Dhabi | G68: Abu Dhabi | H68: Abu Dhabi | I68: 24.488176 | J68: 54.354946 | K68: 7 | M68: 1 | N68: GBP | O68: 7032115.4 | P68: 7032115.4 | Q68: 7032115.4 | R68: 9475072.3 | S68: 1 | T68: =S68*P68 -> 7032115.4 | U68: =T68*Fx!$C$7 -> 7264582
A69: S33_FA_Lloyds | C69: AE | D69: United Arab Emirates | E69: Dubai | G69: Dubai | H69: Dubai | I69: 25.267406 | J69: 55.292681 | K69: 7 | M69: 1 | N69: GBP | O69: 1050198.3 | P69: 1050198.3 | Q69: 1050198.3 | R69: 1415037.2 | S69: 1 | T69: =S69*P69 -> 1050198.3 | U69: =T69*Fx!$C$7 -> 1084915.6
A70: S33_FA_Lloyds | C70: AE | D70: United Arab Emirates | E70: Dubai | G70: Dubai | H70: Dubai | I70: 25.267406 | J70: 55.292681 | K70: 7 | M70: 1 | N70: GBP | O70: 42428.993 | P70: 42428.993 | Q70: 42428.993 | R70: 57168.825 | S70: 1 | T70: =S70*P70 -> 42428.993 | U70: =T70*Fx!$C$7 -> 43831.604
A71: S33_FA_Lloyds | C71: AE | D71: United Arab Emirates | E71: Abu Dhabi | G71: Abu Dhabi | H71: Abu Dhabi | I71: 24.488176 | J71: 54.354946 | K71: 7 | M71: 1 | N71: GBP | O71: 316321.76 | P71: 316321.76 | Q71: 316321.76 | R71: 426211.94 | S71: 1 | T71: =S71*P71 -> 316321.76 | U71: =T71*Fx!$C$7 -> 326778.68
A72: S33_FA_Lloyds | C72: AE | D72: United Arab Emirates | E72: Abu Dhabi | G72: Abu Dhabi | H72: Abu Dhabi | I72: 24.488176 | J72: 54.354946 | K72: 7 | M72: 1 | N72: GBP | O72: 7605 | P72: 7605 | Q72: 7605 | R72: 10246.977 | S72: 1 | T72: =S72*P72 -> 7605 | U72: =T72*Fx!$C$7 -> 7856.405
A73: S33_FA_Lloyds | C73: AE | D73: United Arab Emirates | E73: NULL | I73: 0 | J73: 0 | K73: 0 | M73: 1 | N73: GBP | O73: 20000 | P73: 20000 | Q73: 20000 | R73: 26948 | S73: 1 | T73: =S73*P73 -> 20000 | U73: =T73*Fx!$C$7 -> 20661.157
A74: S33_FA_Lloyds | C74: AR | D74: Argentina | E74: CAPITAL FEDERAL | I74: 0 | J74: 0 | K74: 0 | M74: 1 | N74: GBP | O74: 1037169.6 | P74: 1037169.6 | Q74: 1037169.6 | R74: 1397482.4 | S74: 1 | T74: =S74*P74 -> 1037169.6 | U74: =T74*Fx!$C$7 -> 1071456.2
A75: S33_FA_Lloyds | C75: AT | D75: Austria | E75: Bécs | F75: 12 | G75: Wien | H75: Wien | I75: 48.1365 | J75: 16.34342 | K75: 2 | L75: AUT_12 | M75: 1 | N75: GBP | O75: 11733.028 | P75: 11733.028 | Q75: 11733.028 | R75: 15809.083 | S75: 1 | T75: =S75*P75 -> 11733.028 | U75: =T75*Fx!$C$7 -> 12120.897
A76: S33_FA_Lloyds | C76: AT | D76: Austria | E76: Lech | F76: 67 | G76: Bludenz | H76: Vorarlberg | I76: 47.20834 | J76: 10.14255 | K76: 4 | L76: AUT_67 | M76: 1 | N76: GBP | O76: 481250 | P76: 481250 | Q76: 481250 | R76: 648436.25 | S76: 1 | T76: =S76*P76 -> 481250 | U76: =T76*Fx!$C$7 -> 497159.09
A77: S33_FA_Lloyds | C77: AT | D77: Austria | E77: Wien | F77: 10 | G77: Wien | H77: Wien | I77: 48.207401 | J77: 16.369206 | K77: 5 | L77: AUT_10 | M77: 1 | N77: GBP | O77: 28155.771 | P77: 28155.771 | Q77: 28155.771 | R77: 37937.086 | S77: 1 | T77: =S77*P77 -> 28155.771 | U77: =T77*Fx!$C$7 -> 29086.54
A78: S33_FA_Lloyds | C78: AT | D78: Austria | E78: VIENNA | I78: 0 | J78: 0 | K78: 0 | M78: 1 | N78: GBP | O78: 252250 | P78: 252250 | Q78: 252250 | R78: 339881.65 | S78: 1 | T78: =S78*P78 -> 252250 | U78: =T78*Fx!$C$7 -> 260588.84
A79: S33_FA_Lloyds | C79: AT | D79: Austria | E79: Bécs | F79: 10 | G79: Wien | H79: Wien | I79: 48.20482 | J79: 16.37401 | K79: 2 | L79: AUT_10 | M79: 1 | N79: GBP | O79: 17650720 | P79: 17650720 | Q79: 17650720 | R79: 23782580 | S79: 1 | T79: =S79*P79 -> 17650720 | U79: =T79*Fx!$C$7 -> 18234215
A80: S33_FA_Lloyds | C80: AT | D80: Austria | E80: Bécs | F80: 11 | G80: Wien | H80: Wien | I80: 48.23269 | J80: 16.33588 | K80: 2 | L80: AUT_11 | M80: 1 | N80: GBP | O80: 28411.947 | P80: 28411.947 | Q80: 28411.947 | R80: 38282.257 | S80: 1 | T80: =S80*P80 -> 28411.947 | U80: =T80*Fx!$C$7 -> 29351.185
A81: S33_FA_Lloyds | C81: AT | D81: Austria | E81: Ennsdorf | F81: 44 | G81: Amstetten | H81: Niederosterreich | I81: 48.21541 | J81: 14.49013 | K81: 2 | L81: AUT_44 | M81: 1 | N81: GBP | O81: 1800000 | P81: 1800000 | Q81: 1800000 | R81: 2425320 | S81: 1 | T81: =S81*P81 -> 1800000 | U81: =T81*Fx!$C$7 -> 1859504.1
A82: S33_FA_Lloyds | C82: AU | D82: Australia | E82: Geelong | F82: 31 | G82: Geelong | H82: Victoria | I82: -38.148721 | J82: 144.36148 | K82: 2 | M82: 1 | N82: GBP | O82: 2160.7602 | P82: 2160.7602 | Q82: 2160.7602 | R82: 2911.4082 | S82: 1 | T82: =S82*P82 -> 2160.7602 | U82: =T82*Fx!$C$7 -> 2232.1903
A83: S33_FA_Lloyds | C83: AU | D83: Australia | E83: Darwin City | F83: 17 | G83: Darwin | H83: Northern Territory | I83: -12.46065 | J83: 130.84555 | K83: 4 | M83: 1 | N83: GBP | O83: 6443.867 | P83: 6443.867 | Q83: 6443.867 | R83: 8682.4664 | S83: 1 | T83: =S83*P83 -> 6443.867 | U83: =T83*Fx!$C$7 -> 6656.8874
A84: S33_FA_Lloyds | C84: AU | D84: Australia | E84: NULL | I84: 0 | J84: 0 | K84: 0 | M84: 1 | N84: GBP | O84: 13954.42 | P84: 13954.42 | Q84: 13954.42 | R84: 18802.186 | S84: 1 | T84: =S84*P84 -> 13954.42 | U84: =T84*Fx!$C$7 -> 14415.723
A85: S33_FA_Lloyds | C85: AU | D85: Australia | E85: Chudleigh | F85: 29 | G85: Northern | H85: Tasmania | I85: -41.555862 | J85: 146.48776 | K85: 2 | M85: 1 | N85: GBP | O85: 3254344.9 | P85: 3254344.9 | Q85: 3254344.9 | R85: 4384904.3 | S85: 1 | T85: =S85*P85 -> 3254344.9 | U85: =T85*Fx!$C$7 -> 3361926.5
A86: S33_FA_Lloyds | C86: AU | D86: Australia | E86: Adelaide | F86: 27 | G86: Adelaide | H86: South Australia | I86: -34.926782 | J86: 138.59902 | K86: 2 | M86: 1 | N86: GBP | O86: 135923.82 | P86: 135923.82 | Q86: 135923.82 | R86: 183143.75 | S86: 1 | T86: =S86*P86 -> 135923.82 | U86: =T86*Fx!$C$7 -> 140417.17
A87: S33_FA_Lloyds | C87: AU | D87: Australia | E87: ADELAIDE | I87: 0 | J87: 0 | K87: 0 | M87: 1 | N87: GBP | O87: 156304.59 | P87: 156304.59 | Q87: 156304.59 | R87: 210604.8 | S87: 1 | T87: =S87*P87 -> 156304.59 | U87: =T87*Fx!$C$7 -> 161471.68
A88: S33_FA_Lloyds | C88: AU | D88: Australia | E88: Southbank | F88: 33 | G88: Melbourne | H88: Victoria | I88: -37.821162 | J88: 144.96672 | K88: 2 | M88: 1 | N88: GBP | O88: 396524.46 | P88: 396524.46 | Q88: 396524.46 | R88: 534277.06 | S88: 1 | T88: =S88*P88 -> 396524.46 | U88: =T88*Fx!$C$7 -> 409632.71
A89: S33_FA_Lloyds | C89: AU | D89: Australia | E89: Mclaren Vale | F89: 28 | G89: Adelaide | H89: South Australia | I89: -35.218247 | J89: 138.54277 | K89: 2 | M89: 1 | N89: GBP | O89: 61999.412 | P89: 61999.412 | Q89: 61999.412 | R89: 83538.007 | S89: 1 | T89: =S89*P89 -> 61999.412 | U89: =T89*Fx!$C$7 -> 64048.979
A90: S33_FA_Lloyds | C90: AU | D90: Australia | E90: NULL | I90: 0 | J90: 0 | K90: 0 | M90: 1 | N90: GBP | O90: 12702167 | P90: 12702167 | Q90: 12702167 | R90: 17114899 | S90: 1 | T90: =S90*P90 -> 12702167 | U90: =T90*Fx!$C$7 -> 13122073
A91: S33_FA_Lloyds | C91: AU | D91: Australia | E91: SYDNEY | I91: 0 | J91: 0 | K91: 0 | M91: 1 | N91: GBP | O91: 126138 | P91: 126138 | Q91: 126138 | R91: 169958.34 | S91: 1 | T91: =S91*P91 -> 126138 | U91: =T91*Fx!$C$7 -> 130307.85
A92: S33_FA_Lloyds | C92: AU | D92: Australia | E92: South Brisbane | F92: 2 | G92: Brisbane | H92: Queensland | I92: -27.4756 | J92: 153.01953 | K92: 4 | M92: 1 | N92: GBP | O92: 8323596 | P92: 8323596 | Q92: 8323596 | R92: 11215213 | S92: 1 | T92: =S92*P92 -> 8323596 | U92: =T92*Fx!$C$7 -> 8598756.2
A93: S33_FA_Lloyds | C93: AU | D93: Australia | E93: Sydney | F93: 41 | G93: Sydney | H93: New South Wales | I93: -33.87206 | J93: 151.21569 | K93: 4 | M93: 1 | N93: GBP | O93: 346896.76 | P93: 346896.76 | Q93: 346896.76 | R93: 467408.7 | S93: 1 | T93: =S93*P93 -> 346896.76 | U93: =T93*Fx!$C$7 -> 358364.43
A94: S33_FA_Lloyds | C94: AU | D94: Australia | E94: Pipers River | F94: 29 | G94: Northern | H94: Tasmania | I94: -41.116499 | J94: 147.09658 | K94: 2 | M94: 1 | N94: GBP | O94: 2160.7602 | P94: 2160.7602 | Q94: 2160.7602 | R94: 2911.4082 | S94: 1 | T94: =S94*P94 -> 2160.7602 | U94: =T94*Fx!$C$7 -> 2232.1903
A95: S33_FA_Lloyds | C95: AU | D95: Australia | E95: Rose Bay | F95: 41 | G95: Sydney | H95: New South Wales | I95: -33.864238 | J95: 151.26983 | K95: 2 | M95: 1 | N95: GBP | O95: 773250 | P95: 773250 | Q95: 773250 | R95: 1041877 | S95: 1 | T95: =S95*P95 -> 773250 | U95: =T95*Fx!$C$7 -> 798811.98
A96: S33_FA_Lloyds | C96: AU | D96: Australia | E96: SYDNEY | I96: 0 | J96: 0 | K96: 0 | M96: 1 | N96: GBP | O96: 2387123.8 | P96: 2387123.8 | Q96: 2387123.8 | R96: 3216410.6 | S96: 1 | T96: =S96*P96 -> 2387123.8 | U96: =T96*Fx!$C$7 -> 2466037
A97: S33_FA_Lloyds | C97: AU | D97: Australia | E97: Sydney | F97: 41 | G97: Sydney | H97: New South Wales | I97: -33.866514 | J97: 151.2091 | K97: 2 | M97: 1 | N97: GBP | O97: 173635.6 | P97: 173635.6 | Q97: 173635.6 | R97: 233956.61 | S97: 1 | T97: =S97*P97 -> 173635.6 | U97: =T97*Fx!$C$7 -> 179375.62
A98: S33_FA_Lloyds | C98: AU | D98: Australia | E98: BRISBANE | I98: 0 | J98: 0 | K98: 0 | M98: 1 | N98: GBP | O98: 164995.65 | P98: 164995.65 | Q98: 164995.65 | R98: 222315.13 | S98: 1 | T98: =S98*P98 -> 164995.65 | U98: =T98*Fx!$C$7 -> 170450.05
A99: S33_FA_Lloyds | C99: AU | D99: Australia | E99: Surfers Paradise | F99: 1 | G99: Gold Coast | H99: Queensland | I99: -28.001513 | J99: 153.41668 | K99: 2 | M99: 1 | N99: GBP | O99: 3148100 | P99: 3148100 | Q99: 3148100 | R99: 4241749.9 | S99: 1 | T99: =S99*P99 -> 3148100 | U99: =T99*Fx!$C$7 -> 3252169.4
A100: S33_FA_Lloyds | C100: AU | D100: Australia | E100: Chullora | F100: 41 | G100: Sydney | H100: New South Wales | I100: -33.894556 | J100: 151.0495 | K100: 2 | M100: 1 | N100: GBP | O100: 29770.473 | P100: 29770.473 | Q100: 29770.473 | R100: 40112.736 | S100: 1 | T100: =S100*P100 -> 29770.473 | U100: =T100*Fx!$C$7 -> 30754.621
A101: S33_FA_Lloyds | C101: AU | D101: Australia | E101: Mascot | F101: 41 | G101: Sydney | H101: New South Wales | I101: -33.927914 | J101: 151.18542 | K101: 2 | M101: 1 | N101: GBP | O101: 1320464.5 | P101: 1320464.5 | Q101: 1320464.5 | R101: 1779193.9 | S101: 1 | T101: =S101*P101 -> 1320464.5 | U101: =T101*Fx!$C$7 -> 1364116.3
A102: S33_FA_Lloyds | C102: AU | D102: Australia | E102: Melbourne | F102: 33 | G102: Melbourne | H102: Victoria | I102: -37.81615 | J102: 144.96355 | K102: 2 | M102: 1 | N102: GBP | O102: 72149.559 | P102: 72149.559 | Q102: 72149.559 | R102: 97214.315 | S102: 1 | T102: =S102*P102 -> 72149.559 | U102: =T102*Fx!$C$7 -> 74534.668
A103: S33_FA_Lloyds | C103: AU | D103: Australia | E103: Cudlee Creek | F103: 28 | G103: Adelaide | H103: South Australia | I103: -34.858483 | J103: 138.82421 | K103: 5 | M103: 1 | N103: GBP | O103: 30250.642 | P103: 30250.642 | Q103: 30250.642 | R103: 40759.715 | S103: 1 | T103: =S103*P103 -> 30250.642 | U103: =T103*Fx!$C$7 -> 31250.664
A104: S33_FA_Lloyds | C104: AU | D104: Australia | E104: Cavan | F104: 39 | G104: Southern Tablelands | H104: New South Wales | I104: -35.010149 | J104: 148.86095 | K104: 2 | M104: 1 | N104: GBP | O104: 198295.36 | P104: 198295.36 | Q104: 198295.36 | R104: 267183.17 | S104: 1 | T104: =S104*P104 -> 198295.36 | U104: =T104*Fx!$C$7 -> 204850.58
A105: S33_FA_Lloyds | C105: AU | D105: Australia | E105: Hobart | F105: 29 | G105: Hobart | H105: Tasmania | I105: -42.88167 | J105: 147.33266 | K105: 4 | M105: 1 | N105: GBP | O105: 1100000 | P105: 1100000 | Q105: 1100000 | R105: 1482140 | S105: 1 | T105: =S105*P105 -> 1100000 | U105: =T105*Fx!$C$7 -> 1136363.6
A106: S33_FA_Lloyds | C106: AU | D106: Australia | E106: Paddington | F106: 41 | G106: Sydney | H106: New South Wales | I106: -33.879324 | J106: 151.22583 | K106: 2 | M106: 1 | N106: GBP | O106: 1320464.5 | P106: 1320464.5 | Q106: 1320464.5 | R106: 1779193.9 | S106: 1 | T106: =S106*P106 -> 1320464.5 | U106: =T106*Fx!$C$7 -> 1364116.3
A107: S33_FA_Lloyds | C107: AU | D107: Australia | E107: Bellevue Hill | F107: 41 | G107: Sydney | H107: New South Wales | I107: -33.883694 | J107: 151.25053 | K107: 2 | M107: 1 | N107: GBP | O107: 261596.03 | P107: 261596.03 | Q107: 261596.03 | R107: 352474.49 | S107: 1 | T107: =S107*P107 -> 261596.03 | U107: =T107*Fx!$C$7 -> 270243.83
A108: S33_FA_Lloyds | C108: AU | D108: Australia | E108: Wangaratta | F108: 36 | G108: Northeast Victoria | H108: Victoria | I108: -36.355633 | J108: 146.363 | K108: 5 | M108: 1 | N108: GBP | O108: 1955504.7 | P108: 1955504.7 | Q108: 1955504.7 | R108: 2634847.1 | S108: 1 | T108: =S108*P108 -> 1955504.7 | U108: =T108*Fx!$C$7 -> 2020149.5
A109: S33_FA_Lloyds | C109: AU | D109: Australia | E109: Macmasters Beach | F109: 44 | G109: Central Coast | H109: New South Wales | I109: -33.50667 | J109: 151.40857 | K109: 2 | M109: 1 | N109: GBP | O109: 483728.9 | P109: 483728.9 | Q109: 483728.9 | R109: 651776.32 | S109: 1 | T109: =S109*P109 -> 483728.9 | U109: =T109*Fx!$C$7 -> 499719.94
A110: S33_FA_Lloyds | C110: AU | D110: Australia | E110: Harristown | F110: 15 | G110: Darling Downs | H110: Queensland | I110: -27.5749 | J110: 151.94073 | K110: 4 | M110: 1 | N110: GBP | O110: 2548892.7 | P110: 2548892.7 | Q110: 2548892.7 | R110: 3434378 | S110: 1 | T110: =S110*P110 -> 2548892.7 | U110: =T110*Fx!$C$7 -> 2633153.6
... A116: S33_FA_Lloyds | C116: AU | D116: Australia | E116: Belair | F116: 27 | G116: Adelaide | H116: South Australia | I116: -35.00126 | J116: 138.62201 | K116: 2 | M116: 1 | N116: GBP | O116: 369477.58 | P116: 369477.58 | Q116: 369477.58 | R116: 497834.09 | S116: 1 | T116: =S116*P116 -> 369477.58 | U116: =T116*Fx!$C$7 -> 381691.71
A117: S33_FA_Lloyds | C117: AU | D117: Australia | E117: PERTH | I117: 0 | J117: 0 | K117: 0 | M117: 1 | N117: GBP | O117: 17081 | P117: 17081 | Q117: 17081 | R117: 23014.939 | S117: 1 | T117: =S117*P117 -> 17081 | U117: =T117*Fx!$C$7 -> 17645.661
A118: S33_FA_Lloyds | C118: AU | D118: Australia | E118: Cheltenham | F118: 33 | G118: Melbourne | H118: Victoria | I118: -37.961203 | J118: 145.03175 | K118: 2 | M118: 1 | N118: GBP | O118: 482569.77 | P118: 482569.77 | Q118: 482569.77 | R118: 650214.51 | S118: 1 | T118: =S118*P118 -> 482569.77 | U118: =T118*Fx!$C$7 -> 498522.49
A119: S33_FA_Lloyds | C119: AU | D119: Australia | E119: Sydney | F119: 41 | G119: Sydney | H119: New South Wales | I119: -33.86764 | J119: 151.20968 | K119: 4 | M119: 1 | N119: GBP | O119: 32628.785 | P119: 32628.785 | Q119: 32628.785 | R119: 43964.025 | S119: 1 | T119: =S119*P119 -> 32628.785 | U119: =T119*Fx!$C$7 -> 33707.423
A120: S33_FA_Lloyds | C120: BE | D120: Belgium | E120: Elsene | F120: 1 | G120: Brussel Hoofdstad | H120: Brussels | I120: 50.82176 | J120: 4.37039 | K120: 2 | L120: BEL_1 | M120: 1 | N120: GBP | O120: 3860400 | P120: 3860400 | Q120: 3860400 | R120: 5201503 | S120: 1 | T120: =S120*P120 -> 3860400 | U120: =T120*Fx!$C$7 -> 3988016.5
A121: S33_FA_Lloyds | C121: BE | D121: Belgium | E121: Elsene | F121: 1 | G121: Brussel Hoofdstad | H121: Brussels | I121: 50.81544 | J121: 4.35466 | K121: 4 | L121: BEL_1 | M121: 1 | N121: GBP | O121: 480000 | P121: 480000 | Q121: 480000 | R121: 646752 | S121: 1 | T121: =S121*P121 -> 480000 | U121: =T121*Fx!$C$7 -> 495867.77
A122: S33_FA_Lloyds | C122: BE | D122: Belgium | E122: Brasschaat | F122: 2 | G122: Antwerpen | H122: Antwerpen | I122: 51.2898 | J122: 4.46979 | K122: 2 | L122: BEL_2 | M122: 1 | N122: GBP | O122: 1157600 | P122: 1157600 | Q122: 1157600 | R122: 1559750.2 | S122: 1 | T122: =S122*P122 -> 1157600 | U122: =T122*Fx!$C$7 -> 1195867.8
A123: S33_FA_Lloyds | C123: BE | D123: Belgium | E123: Schaarbeek | F123: 1 | G123: Brussel Hoofdstad | H123: Brussels | I123: 50.87052 | J123: 4.39033 | K123: 2 | L123: BEL_1 | M123: 1 | N123: GBP | O123: 533968.48 | P123: 533968.48 | Q123: 533968.48 | R123: 719469.13 | S123: 1 | T123: =S123*P123 -> 533968.48 | U123: =T123*Fx!$C$7 -> 551620.33
A124: S33_FA_Lloyds | C124: BE | D124: Belgium | E124: Knokke-Heist | F124: 8 | G124: Brugge | H124: West-Vlaanderen | I124: 51.35372 | J124: 3.31707 | K124: 4 | L124: BEL_8 | M124: 1 | N124: GBP | O124: 80000 | P124: 80000 | Q124: 80000 | R124: 107792 | S124: 1 | T124: =S124*P124 -> 80000 | U124: =T124*Fx!$C$7 -> 82644.628
A125: S33_FA_Lloyds | C125: BE | D125: Belgium | E125: Brussel | F125: 1 | G125: Brussel Hoofdstad | H125: Brussels | I125: 50.84 | J125: 4.36553 | K125: 2 | L125: BEL_1 | M125: 1 | N125: GBP | O125: 480000 | P125: 480000 | Q125: 480000 | R125: 646752 | S125: 1 | T125: =S125*P125 -> 480000 | U125: =T125*Fx!$C$7 -> 495867.77
A126: S33_FA_Lloyds | C126: BE | D126: Belgium | E126: Ukkel | F126: 1 | G126: Brussel Hoofdstad | H126: Brussels | I126: 50.81041 | J126: 4.35375 | K126: 2 | L126: BEL_1 | M126: 1 | N126: GBP | O126: 640000 | P126: 640000 | Q126: 640000 | R126: 862336 | S126: 1 | T126: =S126*P126 -> 640000 | U126: =T126*Fx!$C$7 -> 661157.02
A127: S33_FA_Lloyds | C127: BE | D127: Belgium | E127: Elsene | F127: 1 | G127: Brussel Hoofdstad | H127: Brussels | I127: 50.81735 | J127: 4.35266 | K127: 2 | L127: BEL_1 | M127: 1 | N127: GBP | O127: 1364096 | P127: 1364096 | Q127: 1364096 | R127: 1837983 | S127: 1 | T127: =S127*P127 -> 1364096 | U127: =T127*Fx!$C$7 -> 1409190.1
A128: S33_FA_Lloyds | C128: BE | D128: Belgium | E128: Brussel | F128: 1 | G128: Brussel Hoofdstad | H128: Brussels | I128: 50.82295 | J128: 4.37072 | K128: 2 | L128: BEL_1 | M128: 1 | N128: GBP | O128: 1092133.6 | P128: 1092133.6 | Q128: 1092133.6 | R128: 1471540.8 | S128: 1 | T128: =S128*P128 -> 1092133.6 | U128: =T128*Fx!$C$7 -> 1128237.2
A129: S33_FA_Lloyds | C129: BE | D129: Belgium | E129: Vorst | F129: 1 | G129: Brussel Hoofdstad | H129: Brussels | I129: 50.81614 | J129: 4.34802 | K129: 2 | L129: BEL_1 | M129: 1 | N129: GBP | O129: 11633760 | P129: 11633760 | Q129: 11633760 | R129: 15675328 | S129: 1 | T129: =S129*P129 -> 11633760 | U129: =T129*Fx!$C$7 -> 12018347
A130: S33_FA_Lloyds | C130: BE | D130: Belgium | E130: Brussel | F130: 1 | G130: Brussel Hoofdstad | H130: Brussels | I130: 50.84147 | J130: 4.35377 | K130: 2 | L130: BEL_1 | M130: 1 | N130: GBP | O130: 800000 | P130: 800000 | Q130: 800000 | R130: 1077920 | S130: 1 | T130: =S130*P130 -> 800000 | U130: =T130*Fx!$C$7 -> 826446.28
A131: S33_FA_Lloyds | C131: BE | D131: Belgium | E131: Sint-Katelijne-Waver | F131: 2 | G131: Mechelen | H131: Antwerpen | I131: 51.06468 | J131: 4.5091 | K131: 2 | L131: BEL_2 | M131: 1 | N131: GBP | O131: 1111200 | P131: 1111200 | Q131: 1111200 | R131: 1497230.9 | S131: 1 | T131: =S131*P131 -> 1111200 | U131: =T131*Fx!$C$7 -> 1147933.9
... A178: S33_FA_Lloyds | C178: BE | D178: Belgium | E178: Ukkel | F178: 1 | G178: Brussel Hoofdstad | H178: Brussels | I178: 50.796648 | J178: 4.3511026 | K178: 5 | L178: BEL_1 | M178: 1 | N178: GBP | O178: 804280 | P178: 804280 | Q178: 804280 | R178: 1083686.9 | S178: 1 | T178: =S178*P178 -> 804280 | U178: =T178*Fx!$C$7 -> 830867.77
A179: S33_FA_Lloyds | C179: BR | D179: Brazil | E179: São Paulo | F179: SP | G179: Sao Paulo | H179: Sao Paulo | I179: -23.545875 | J179: -46.684626 | K179: 5 | L179: BRA_SP | M179: 1 | N179: GBP | O179: 400126.36 | P179: 400126.36 | Q179: 400126.36 | R179: 539130.25 | S179: 1 | T179: =S179*P179 -> 400126.36 | U179: =T179*Fx!$C$7 -> 413353.67
A180: S33_FA_Lloyds | C180: BR | D180: Brazil | E180: São Paulo | F180: SP | G180: São Paulo | H180: São Paulo | I180: -23.58102 | J180: -46.67927 | K180: 4 | L180: BRA_SP | M180: 1 | N180: GBP | O180: 539383.11 | P180: 539383.11 | Q180: 539383.11 | R180: 726764.81 | S180: 1 | T180: =S180*P180 -> 539383.11 | U180: =T180*Fx!$C$7 -> 557213.96
...

Sheet Core data EQ
A1: PORTNAME | B1: Reclassification | C1: Countrycode | D1: COUNTRY | E1: CITY | F1: cresta | G1: COUNTY | H1: STATE | I1: latitude | J1: longitude | K1: ADDRMATCH | L1: Zone3Name | M1: ACCGRPNAME | N1: LIMITCUR | O1: TSI | P1: TSI_NET | Q1: TSI_GBP | R1: TSI_USD_NET | S1: Scale Factor | T1: TSI_USD_Scaled | U1: TSI_EUR_SCALED
A2: S33_FA_EU_BE | C2: CH | D2: Switzerland | E2: Melchtal | F2: 15 | G2: Obwalden | H2: Obwalden | I2: 46.799817 | J2: 8.245024 | K2: 1 | L2: CHE_OW | M2: 1 | N2: GBP | O2: 175092.8 | P2: 175092.8 | Q2: 175092.8 | R2: 235920.04 | S2: 1 | T2: =R2*S2 -> 235920.04 | U2: =T2*Fx!$C$7 -> 243719.05
A3: S33_FA_EU_BE | C3: CH | D3: Switzerland | E3: Les Acacias | F3: 8 | G3: Geneve | H3: Geneve | I3: 46.179922 | J3: 6.133343 | K3: 1 | L3: CHE_GE | M3: 1 | N3: GBP | O3: 5220811.2 | P3: 5220811.2 | Q3: 5220811.2 | R3: 7034521 | S3: 1 | T3: =R3*S3 -> 7034521 | U3: =T3*Fx!$C$7 -> 7267067.2
A4: S33_FA_EU_BE | C4: CH | D4: Switzerland | E4: Cologny | F4: 8 | G4: Geneve | H4: Geneve | I4: 46.207943 | J4: 6.192491 | K4: 1 | L4: CHE_GE | M4: 1 | N4: GBP | O4: 99156.8 | P4: 99156.8 | Q4: 99156.8 | R4: 133603.87 | S4: 1 | T4: =R4*S4 -> 133603.87 | U4: =T4*Fx!$C$7 -> 138020.53
A5: S33_FA_EU_BE | C5: CH | D5: Switzerland | E5: Grindelwald | F5: 6 | G5: Interlaken-Oberhasli | H5: Bern | I5: 46.629129 | J5: 8.018818 | K5: 1 | L5: CHE_BE | M5: 1 | N5: GBP | O5: 4210062.4 | P5: 4210062.4 | Q5: 4210062.4 | R5: 5672638.1 | S5: 1 | T5: =R5*S5 -> 5672638.1 | U5: =T5*Fx!$C$7 -> 5860163.3
A6: S33_FA_EU_BE | C6: CH | D6: Switzerland | E6: Dielsdorf | F6: 25 | G6: Dielsdorf | H6: Zurich | I6: 47.485184 | J6: 8.459803 | K6: 1 | L6: CHE_ZH | M6: 1 | N6: GBP | O6: 5800000 | P6: 5800000 | Q6: 5800000 | R6: 7814920 | S6: 1 | T6: =R6*S6 -> 7814920 | U6: =T6*Fx!$C$7 -> 8073264.5
A7: S33_FA_EU_BE | C7: CH | D7: Switzerland | E7: Les Acacias | F7: 8 | G7: Geneve | H7: Geneve | I7: 46.187685 | J7: 6.127761 | K7: 1 | L7: CHE_GE | M7: 1 | N7: GBP | O7: 4000000 | P7: 4000000 | Q7: 4000000 | R7: 5389600 | S7: 1 | T7: =R7*S7 -> 5389600 | U7: =T7*Fx!$C$7 -> 5567768.6
A8: S33_FA_EU_BE | C8: CH | D8: Switzerland | E8: Kloten | F8: 25 | G8: Bulach | H8: Zurich | I8: 47.448053 | J8: 8.602014 | K8: 1 | L8: CHE_ZH | M8: 1 | N8: GBP | O8: 208000 | P8: 208000 | Q8: 208000 | R8: 280259.2 | S8: 1 | T8: =R8*S8 -> 280259.2 | U8: =T8*Fx!$C$7 -> 289523.97
A9: S33_FA_EU_BE | C9: CH | D9: Switzerland | E9: Gerignoz | F9: 23 | G9: La Riviera-Pays-d'Enhaut | H9: Vaud | I9: 46.476198 | J9: 7.138447 | K9: 1 | L9: CHE_VD | M9: 1 | N9: GBP | O9: 536592 | P9: 536592 | Q9: 536592 | R9: 723004.06 | S9: 1 | T9: =R9*S9 -> 723004.06 | U9: =T9*Fx!$C$7 -> 746905.02
A10: S33_FA_EU_BE | C10: CH | D10: Switzerland | E10: Verbier | F10: 24 | G10: Entremont | H10: Valais | I10: 46.105937 | J10: 7.237815 | K10: 1 | L10: CHE_VS | M10: 1 | N10: GBP | O10: 3433699.2 | P10: 3433699.2 | Q10: 3433699.2 | R10: 4626566.3 | S10: 1 | T10: =R10*S10 -> 4626566.3 | U10: =T10*Fx!$C$7 -> 4779510.6
A11: S33_FA_EU_BE | C11: CH | D11: Switzerland | E11: Verbier | F11: 24 | G11: Entremont | H11: Valais | I11: 46.110069 | J11: 7.228075 | K11: 1 | L11: CHE_VS | M11: 1 | N11: GBP | O11: 2616400 | P11: 2616400 | Q11: 2616400 | R11: 3525337.4 | S11: 1 | T11: =R11*S11 -> 3525337.4 | U11: =T11*Fx!$C$7 -> 3641877.4
A12: S33_FA_EU_BE | C12: CH | D12: Switzerland | E12: Rougemont | F12: 23 | G12: La Riviera-Pays-d'Enhaut | H12: Vaud | I12: 46.497496 | J12: 7.236686 | K12: 1 | L12: CHE_VD | M12: 1 | N12: GBP | O12: 20363.2 | P12: 20363.2 | Q12: 20363.2 | R12: 27437.376 | S12: 1 | T12: =R12*S12 -> 27437.376 | U12: =T12*Fx!$C$7 -> 28344.396
A13: S33_FA_EU_BE | C13: CH | D13: Switzerland | E13: Dielsdorf | F13: 25 | G13: Dielsdorf | H13: Zurich | I13: 47.485184 | J13: 8.459803 | K13: 1 | L13: CHE_ZH | M13: 1 | N13: GBP | O13: 11429978 | P13: 11429978 | Q13: 11429978 | R13: 15400753 | S13: 1 | T13: =R13*S13 -> 15400753 | U13: =T13*Fx!$C$7 -> 15909869
... A44: S33_FA_EU_FR | C44: FR | D44: France | E44: Vitry-sur-Seine | F44: 94 | G44: Val-de-Marne | H44: Ile-de-France | I44: 48.801299 | J44: 2.375941 | K44: 1 | L44: FRA_94 | M44: 1 | N44: GBP | O44: 2400000 | P44: 2400000 | Q44: 2400000 | R44: 3233760 | S44: 1 | T44: =R44*S44 -> 3233760 | U44: =T44*Fx!$C$7 -> 3340661.2
A45: S33_FA_EU_FR | C45: US | D45: United States | E45: NULL | G45: NEW YORK COUNTY | H45: NEW YORK | I45: 40.751337 | J45: -74.006641 | K45: 1 | M45: 1 | N45: GBP | O45: 3383154.3 | P45: 3383154.3 | Q45: 3383154.3 | R45: 4558462 | S45: 1 | T45: =R45*S45 -> 4558462 | U45: =T45*Fx!$C$7 -> 4709155
A46: S33_FA_EU_FR | C46: US | D46: United States | E46: NULL | G46: NEW CASTLE COUNTY | H46: DELAWARE | I46: 39.612708 | J46: -75.760362 | K46: 1 | M46: 1 | N46: GBP | O46: 2400000 | P46: 2400000 | Q46: 2400000 | R46: 3233760 | S46: 1 | T46: =R46*S46 -> 3233760 | U46: =T46*Fx!$C$7 -> 3340661.2
A47: S33_FA_EU_FR | C47: US | D47: United States | E47: NULL | G47: QUEENS COUNTY | H47: NEW YORK | I47: 40.752235 | J47: -73.942769 | K47: 1 | M47: 1 | N47: GBP | O47: 2800000 | P47: 2800000 | Q47: 2800000 | R47: 3772720 | S47: 1 | T47: =R47*S47 -> 3772720 | U47: =T47*Fx!$C$7 -> 3897438
A48: S33_FA_EU_FR_QS | C48: CH | D48: Switzerland | E48: Gstaad | F48: 6 | G48: Obersimmental-Saanen | H48: Bern | I48: 46.476112 | J48: 7.288304 | K48: 1 | L48: CHE_BE | M48: 0.5 | N48: GBP | O48: 33418145 | P48: 16709072 | Q48: 33418145 | R48: 22513804 | S48: 1 | T48: =R48*S48 -> 22513804 | U48: =T48*Fx!$C$7 -> 23258062
A49: S33_FA_EU_FR_SRP | C49: CA | D49: Canada | E49: Vancouver | F49: W5 | G49: Greater Vancouver | H49: British Columbia | I49: 49.228864 | J49: -123.16521 | K49: 1 | L49: CAN_V | M49: 0.333333 | N49: GBP | O49: 3422139.3 | P49: 1140701.7 | Q49: 3422139.3 | R49: 1536981.5 | S49: 1 | T49: =R49*S49 -> 1536981.5 | U49: =T49*Fx!$C$7 -> 1587790.8
A50: S33_FA_EU_FR_SRP | C50: CA | D50: Canada | E50: Whistler | F50: 11 | G50: Squamish-Lillooet | H50: British Columbia | I50: 50.116705 | J50: -122.93985 | K50: 1 | L50: CAN_V | M50: 0.333333 | N50: GBP | O50: 843804.88 | P50: 281265.48 | Q50: 843804.88 | R50: 378977.11 | S50: 1 | T50: =R50*S50 -> 378977.11 | U50: =T50*Fx!$C$7 -> 391505.28
A51: S33_FA_EU_FR_SRP | C51: CH | D51: Switzerland | E51: Les Acacias | F51: 8 | G51: Geneve | H51: Geneve | I51: 46.18 | J51: 6.1331 | K51: 1 | L51: CHE_GE | M51: 0.333333 | N51: GBP | O51: 18630316 | P51: 6210043.4 | Q51: 18630316 | R51: 8367412.4 | S51: 1 | T51: =R51*S51 -> 8367412.4 | U51: =T51*Fx!$C$7 -> 8644021.1
A52: S33_FA_EU_FR_SRP | C52: CH | D52: Switzerland | E52: Verbier | F52: 24 | G52: Entremont | H52: Valais | I52: 46.104022 | J52: 7.237468 | K52: 1 | L52: CHE_VS | M52: 0.333333 | N52: GBP | O52: 6043114.4 | P52: 2014351.3 | Q52: 6043114.4 | R52: 2714137 | S52: 1 | T52: =R52*S52 -> 2714137 | U52: =T52*Fx!$C$7 -> 2803860.5
A53: S33_FA_EU_FR_SRP | C53: CH | D53: Switzerland | E53: Coppet | F53: 23 | G53: Nyon | H53: Vaud | I53: 46.314376 | J53: 6.190777 | K53: 1 | L53: CHE_VD | M53: 0.333333 | N53: GBP | O53: 77018791 | P53: 25672674 | Q53: 77018791 | R53: 34591360 | S53: 1 | T53: =R53*S53 -> 34591360 | U53: =T53*Fx!$C$7 -> 35734876
A54: S33_FA_EU_FR_SRP | C54: ID | D54: Indonesia | E54: NULL | F54: 2.3 | G54: Lahat | H54: Sumatera Selatan | I54: -3.6424971 | J54: 103.28866 | K54: 8 | L54: IDN_SS | M54: 0.333333 | N54: GBP | O54: 4287005.9 | P54: 1428987.7 | Q54: 4287005.9 | R54: 1925418 | S54: 1 | T54: =R54*S54 -> 1925418 | U54: =T54*Fx!$C$7 -> 1989068.2
A55: S33_FA_EU_FR_SRP | C55: SE | D55: Sweden | E55: Namdo | F55: 120 | G55: Stockholms Lan | I55: 59.177728 | J55: 18.69601 | K55: 1 | L55: SWE_0120 | M55: 0.333333 | N55: GBP | O55: 1526627.5 | P55: 508870.73 | Q55: 1526627.5 | R55: 685652.42 | S55: 1 | T55: =R55*S55 -> 685652.42 | U55: =T55*Fx!$C$7 -> 708318.61
A56: S33_FA_EU_NL | C56: CH | D56: Switzerland | E56: Verbier | F56: 24 | G56: Entremont | H56: Valais | I56: 46.092552 | J56: 7.234784 | K56: 1 | L56: CHE_VS | M56: 1 | N56: GBP | O56: 557200 | P56: 557200 | Q56: 557200 | R56: 750771.28 | S56: 1 | T56: =R56*S56 -> 750771.28 | U56: =T56*Fx!$C$7 -> 775590.17
A57: S33_FA_EU_NL | C57: CH | D57: Switzerland | E57: Geneve | F57: 8 | G57: Geneve | H57: Geneve | I57: 46.2206 | J57: 6.149 | K57: 1 | L57: CHE_GE | M57: 1 | N57: GBP | O57: 200000 | P57: 200000 | Q57: 200000 | R57: 269480 | S57: 1 | T57: =R57*S57 -> 269480 | U57: =T57*Fx!$C$7 -> 278388.43
A58: S33_FA_EU_NL | C58: CH | D58: Switzerland | E58: Geneve | F58: 8 | G58: Geneve | H58: Geneve | I58: 46.192519 | J58: 6.150821 | K58: 1 | L58: CHE_GE | M58: 1 | N58: GBP | O58: 8380633.6 | P58: 8380633.6 | Q58: 8380633.6 | R58: 11292066 | S58: 1 | T58: =R58*S58 -> 11292066 | U58: =T58*Fx!$C$7 -> 11665357
A59: S33_FA_EU_NL | C59: CH | D59: Switzerland | E59: Geneve | F59: 8 | G59: Geneve | H59: Geneve | I59: 46.21294 | J59: 6.119039 | K59: 1 | L59: CHE_GE | M59: 1 | N59: GBP | O59: 9667000 | P59: 9667000 | Q59: 9667000 | R59: 13025316 | S59: 1 | T59: =R59*S59 -> 13025316 | U59: =T59*Fx!$C$7 -> 13455905
A60: S33_FA_EU_NL | C60: SG | D60: Singapore | E60: Singapore | F60: SGP_10 | G60: Bukit Timah | H60: Central | I60: 1.321388 | J60: 103.79649 | K60: 1 | L60: SGP_10 | M60: 1 | N60: GBP | O60: 134400 | P60: 134400 | Q60: 134400 | R60: 181090.56 | S60: 1 | T60: =R60*S60 -> 181090.56 | U60: =T60*Fx!$C$7 -> 187077.02
A61: S33_FA_Lloyds | C61: AE | D61: United Arab Emirates | E61: Dubai | G61: Dubai | H61: Dubai | I61: 25.267406 | J61: 55.292681 | K61: 7 | M61: 1 | N61: GBP | O61: 316709.04 | P61: 316709.04 | Q61: 316709.04 | R61: 426733.76 | S61: 1 | T61: =R61*S61 -> 426733.76 | U61: =T61*Fx!$C$7 -> 440840.66
A62: S33_FA_Lloyds | C62: AE | D62: United Arab Emirates | E62: NULL | I62: 0 | J62: 0 | K62: 0 | M62: 1 | N62: GBP | O62: 20000 | P62: 20000 | Q62: 20000 | R62: 26948 | S62: 1 | T62: =R62*S62 -> 26948 | U62: =T62*Fx!$C$7 -> 27838.843
A63: S33_FA_Lloyds | C63: AE | D63: United Arab Emirates | E63: Dubai | G63: Dubai | H63: Dubai | I63: 25.267406 | J63: 55.292681 | K63: 7 | M63: 1 | N63: GBP | O63: 25000 | P63: 25000 | Q63: 25000 | R63: 33685 | S63: 1 | T63: =R63*S63 -> 33685 | U63: =T63*Fx!$C$7 -> 34798.554
A64: S33_FA_Lloyds | C64: AE | D64: United Arab Emirates | E64: Abu Dhabi | G64: Abu Dhabi | H64: Abu Dhabi | I64: 24.488176 | J64: 54.354946 | K64: 7 | M64: 1 | N64: GBP | O64: 7032115.4 | P64: 7032115.4 | Q64: 7032115.4 | R64: 9475072.3 | S64: 1 | T64: =R64*S64 -> 9475072.3 | U64: =T64*Fx!$C$7 -> 9788297.8
A65: S33_FA_Lloyds | C65: AE | D65: United Arab Emirates | E65: Abu Dhabi | G65: Abu Dhabi | H65: Abu Dhabi | I65: 24.488176 | J65: 54.354946 | K65: 7 | M65: 1 | N65: GBP | O65: 7605 | P65: 7605 | Q65: 7605 | R65: 10246.977 | S65: 1 | T65: =R65*S65 -> 10246.977 | U65: =T65*Fx!$C$7 -> 10585.72
A66: S33_FA_Lloyds | C66: AE | D66: United Arab Emirates | E66: Dubai | G66: Dubai | H66: Dubai | I66: 25.267406 | J66: 55.292681 | K66: 7 | M66: 1 | N66: GBP | O66: 1050198.3 | P66: 1050198.3 | Q66: 1050198.3 | R66: 1415037.2 | S66: 1 | T66: =R66*S66 -> 1415037.2 | U66: =T66*Fx!$C$7 -> 1461815.3
A67: S33_FA_Lloyds | C67: AE | D67: United Arab Emirates | E67: Dubai | G67: Dubai | H67: Dubai | I67: 25.267406 | J67: 55.292681 | K67: 7 | M67: 1 | N67: GBP | O67: 16401 | P67: 16401 | Q67: 16401 | R67: 22098.707 | S67: 1 | T67: =R67*S67 -> 22098.707 | U67: =T67*Fx!$C$7 -> 22829.243
A68: S33_FA_Lloyds | C68: AE | D68: United Arab Emirates | E68: Dubai | G68: Dubai | H68: Dubai | I68: 25.267406 | J68: 55.292681 | K68: 7 | M68: 1 | N68: GBP | O68: 42428.993 | P68: 42428.993 | Q68: 42428.993 | R68: 57168.825 | S68: 1 | T68: =R68*S68 -> 57168.825 | U68: =T68*Fx!$C$7 -> 59058.703
A69: S33_FA_Lloyds | C69: AE | D69: United Arab Emirates | E69: Dubai | G69: Dubai | H69: Dubai | I69: 25.267406 | J69: 55.292681 | K69: 7 | M69: 1 | N69: GBP | O69: 9401465.1 | P69: 9401465.1 | Q69: 9401465.1 | R69: 12667534 | S69: 1 | T69: =R69*S69 -> 12667534 | U69: =T69*Fx!$C$7 -> 13086296
A70: S33_FA_Lloyds | C70: AE | D70: United Arab Emirates | E70: Abu Dhabi | G70: Abu Dhabi | H70: Abu Dhabi | I70: 24.488176 | J70: 54.354946 | K70: 7 | M70: 1 | N70: GBP | O70: 316321.76 | P70: 316321.76 | Q70: 316321.76 | R70: 426211.94 | S70: 1 | T70: =R70*S70 -> 426211.94 | U70: =T70*Fx!$C$7 -> 440301.59
A71: S33_FA_Lloyds | C71: AE | D71: United Arab Emirates | E71: Dubai | G71: Dubai | H71: Dubai | I71: 25.267406 | J71: 55.292681 | K71: 7 | M71: 1 | N71: GBP | O71: 1591634.5 | P71: 1591634.5 | Q71: 1591634.5 | R71: 2144568.3 | S71: 1 | T71: =R71*S71 -> 2144568.3 | U71: =T71*Fx!$C$7 -> 2215463.1
A72: S33_FA_Lloyds | C72: AE | D72: United Arab Emirates | E72: NULL | I72: 0 | J72: 0 | K72: 0 | M72: 1 | N72: GBP | O72: 135619.71 | P72: 135619.71 | Q72: 135619.71 | R72: 182734 | S72: 1 | T72: =R72*S72 -> 182734 | U72: =T72*Fx!$C$7 -> 188774.8
A73: S33_FA_Lloyds | C73: AE | D73: United Arab Emirates | E73: Dubai | G73: Dubai | H73: Dubai | I73: 25.267406 | J73: 55.292681 | K73: 7 | M73: 1 | N73: GBP | O73: 4597548.7 | P73: 4597548.7 | Q73: 4597548.7 | R73: 6194737.1 | S73: 1 | T73: =R73*S73 -> 6194737.1 | U73: =T73*Fx!$C$7 -> 6399521.8
A74: S33_FA_Lloyds | C74: AR | D74: Argentina | E74: CAPITAL FEDERAL | I74: 0 | J74: 0 | K74: 0 | M74: 1 | N74: GBP | O74: 1037169.6 | P74: 1037169.6 | Q74: 1037169.6 | R74: 1397482.4 | S74: 1 | T74: =R74*S74 -> 1397482.4 | U74: =T74*Fx!$C$7 -> 1443680.1
A75: S33_FA_Lloyds | C75: AT | D75: Austria | E75: Bécs | F75: 12 | G75: Wien | H75: Wien | I75: 48.1365 | J75: 16.34342 | K75: 2 | L75: AUT_12 | M75: 1 | N75: GBP | O75: 11733.028 | P75: 11733.028 | Q75: 11733.028 | R75: 15809.083 | S75: 1 | T75: =R75*S75 -> 15809.083 | U75: =T75*Fx!$C$7 -> 16331.697
A76: S33_FA_Lloyds | C76: AT | D76: Austria | E76: Lech | F76: 67 | G76: Bludenz | H76: Vorarlberg | I76: 47.20834 | J76: 10.14255 | K76: 4 | L76: AUT_67 | M76: 1 | N76: GBP | O76: 481250 | P76: 481250 | Q76: 481250 | R76: 648436.25 | S76: 1 | T76: =R76*S76 -> 648436.25 | U76: =T76*Fx!$C$7 -> 669872.16
A77: S33_FA_Lloyds | C77: AT | D77: Austria | E77: Bécs | F77: 10 | G77: Wien | H77: Wien | I77: 48.20482 | J77: 16.37401 | K77: 2 | L77: AUT_10 | M77: 1 | N77: GBP | O77: 17650720 | P77: 17650720 | Q77: 17650720 | R77: 23782580 | S77: 1 | T77: =R77*S77 -> 23782580 | U77: =T77*Fx!$C$7 -> 24568781
A78: S33_FA_Lloyds | C78: AT | D78: Austria | E78: VIENNA | I78: 0 | J78: 0 | K78: 0 | M78: 1 | N78: GBP | O78: 252250 | P78: 252250 | Q78: 252250 | R78: 339881.65 | S78: 1 | T78: =R78*S78 -> 339881.65 | U78: =T78*Fx!$C$7 -> 351117.41
A79: S33_FA_Lloyds | C79: AT | D79: Austria | E79: Bécs | F79: 11 | G79: Wien | H79: Wien | I79: 48.23269 | J79: 16.33588 | K79: 2 | L79: AUT_11 | M79: 1 | N79: GBP | O79: 28411.947 | P79: 28411.947 | Q79: 28411.947 | R79: 38282.257 | S79: 1 | T79: =R79*S79 -> 38282.257 | U79: =T79*Fx!$C$7 -> 39547.786
A80: S33_FA_Lloyds | C80: AT | D80: Austria | E80: Wien | F80: 10 | G80: Wien | H80: Wien | I80: 48.207401 | J80: 16.369206 | K80: 5 | L80: AUT_10 | M80: 1 | N80: GBP | O80: 28155.771 | P80: 28155.771 | Q80: 28155.771 | R80: 37937.086 | S80: 1 | T80: =R80*S80 -> 37937.086 | U80: =T80*Fx!$C$7 -> 39191.204
A81: S33_FA_Lloyds | C81: AT | D81: Austria | E81: Ennsdorf | F81: 44 | G81: Amstetten | H81: Niederosterreich | I81: 48.21541 | J81: 14.49013 | K81: 2 | L81: AUT_44 | M81: 1 | N81: GBP | O81: 1800000 | P81: 1800000 | Q81: 1800000 | R81: 2425320 | S81: 1 | T81: =R81*S81 -> 2425320 | U81: =T81*Fx!$C$7 -> 2505495.9
A82: S33_FA_Lloyds | C82: AU | D82: Australia | E82: Pipers River | F82: 29 | G82: Northern | H82: Tasmania | I82: -41.116499 | J82: 147.09658 | K82: 2 | M82: 1 | N82: GBP | O82: 2160.7602 | P82: 2160.7602 | Q82: 2160.7602 | R82: 2911.4082 | S82: 1 | T82: =R82*S82 -> 2911.4082 | U82: =T82*Fx!$C$7 -> 3007.6531
A83: S33_FA_Lloyds | C83: AU | D83: Australia | E83: Cudlee Creek | F83: 28 | G83: Adelaide | H83: South Australia | I83: -34.858483 | J83: 138.82421 | K83: 5 | M83: 1 | N83: GBP | O83: 30250.642 | P83: 30250.642 | Q83: 30250.642 | R83: 40759.715 | S83: 1 | T83: =R83*S83 -> 40759.715 | U83: =T83*Fx!$C$7 -> 42107.144
A84: S33_FA_Lloyds | C84: AU | D84: Australia | E84: Chullora | F84: 41 | G84: Sydney | H84: New South Wales | I84: -33.894556 | J84: 151.0495 | K84: 2 | M84: 1 | N84: GBP | O84: 29770.473 | P84: 29770.473 | Q84: 29770.473 | R84: 40112.736 | S84: 1 | T84: =R84*S84 -> 40112.736 | U84: =T84*Fx!$C$7 -> 41438.777
A85: S33_FA_Lloyds | C85: AU | D85: Australia | E85: South Brisbane | F85: 2 | G85: Brisbane | H85: Queensland | I85: -27.4756 | J85: 153.01953 | K85: 4 | M85: 1 | N85: GBP | O85: 8323596 | P85: 8323596 | Q85: 8323596 | R85: 11215213 | S85: 1 | T85: =R85*S85 -> 11215213 | U85: =T85*Fx!$C$7 -> 11585964
A86: S33_FA_Lloyds | C86: AU | D86: Australia | E86: SYDNEY | I86: 0 | J86: 0 | K86: 0 | M86: 1 | N86: GBP | O86: 126138 | P86: 126138 | Q86: 126138 | R86: 169958.34 | S86: 1 | T86: =R86*S86 -> 169958.34 | U86: =T86*Fx!$C$7 -> 175576.8
A87: S33_FA_Lloyds | C87: AU | D87: Australia | E87: Sydney | F87: 41 | G87: Sydney | H87: New South Wales | I87: -33.87206 | J87: 151.21569 | K87: 4 | M87: 1 | N87: GBP | O87: 346896.76 | P87: 346896.76 | Q87: 346896.76 | R87: 467408.7 | S87: 1 | T87: =R87*S87 -> 467408.7 | U87: =T87*Fx!$C$7 -> 482860.23
A88: S33_FA_Lloyds | C88: AU | D88: Australia | E88: PERTH | I88: 0 | J88: 0 | K88: 0 | M88: 1 | N88: GBP | O88: 17081 | P88: 17081 | Q88: 17081 | R88: 23014.939 | S88: 1 | T88: =R88*S88 -> 23014.939 | U88: =T88*Fx!$C$7 -> 23775.764
A89: S33_FA_Lloyds | C89: AU | D89: Australia | E89: Adelaide | F89: 27 | G89: Adelaide | H89: South Australia | I89: -34.926782 | J89: 138.59902 | K89: 2 | M89: 1 | N89: GBP | O89: 135923.82 | P89: 135923.82 | Q89: 135923.82 | R89: 183143.75 | S89: 1 | T89: =R89*S89 -> 183143.75 | U89: =T89*Fx!$C$7 -> 189198.09
A90: S33_FA_Lloyds | C90: AU | D90: Australia | E90: Geelong | F90: 31 | G90: Geelong | H90: Victoria | I90: -38.148721 | J90: 144.36148 | K90: 2 | M90: 1 | N90: GBP | O90: 2160.7602 | P90: 2160.7602 | Q90: 2160.7602 | R90: 2911.4082 | S90: 1 | T90: =R90*S90 -> 2911.4082 | U90: =T90*Fx!$C$7 -> 3007.6531
A91: S33_FA_Lloyds | C91: AU | D91: Australia | E91: Melbourne | F91: 33 | G91: Melbourne | H91: Victoria | I91: -37.80473 | J91: 144.94833 | K91: 2 | M91: 1 | N91: GBP | O91: 1320464.5 | P91: 1320464.5 | Q91: 1320464.5 | R91: 1779193.9 | S91: 1 | T91: =R91*S91 -> 1779193.9 | U91: =T91*Fx!$C$7 -> 1838010.3
A92: S33_FA_Lloyds | C92: AU | D92: Australia | E92: ADELAIDE | I92: 0 | J92: 0 | K92: 0 | M92: 1 | N92: GBP | O92: 156304.59 | P92: 156304.59 | Q92: 156304.59 | R92: 210604.8 | S92: 1 | T92: =R92*S92 -> 210604.8 | U92: =T92*Fx!$C$7 -> 217566.94
A93: S33_FA_Lloyds | C93: AU | D93: Australia | E93: Chudleigh | F93: 29 | G93: Northern | H93: Tasmania | I93: -41.555862 | J93: 146.48776 | K93: 2 | M93: 1 | N93: GBP | O93: 3254344.9 | P93: 3254344.9 | Q93: 3254344.9 | R93: 4384904.3 | S93: 1 | T93: =R93*S93 -> 4384904.3 | U93: =T93*Fx!$C$7 -> 4529859.8
A94: S33_FA_Lloyds | C94: AU | D94: Australia | E94: Wangaratta | F94: 36 | G94: Northeast Victoria | H94: Victoria | I94: -36.355633 | J94: 146.363 | K94: 5 | M94: 1 | N94: GBP | O94: 1955504.7 | P94: 1955504.7 | Q94: 1955504.7 | R94: 2634847.1 | S94: 1 | T94: =R94*S94 -> 2634847.1 | U94: =T94*Fx!$C$7 -> 2721949.5
A95: S33_FA_Lloyds | C95: AU | D95: Australia | E95: Mclaren Vale | F95: 28 | G95: Adelaide | H95: South Australia | I95: -35.218247 | J95: 138.54277 | K95: 2 | M95: 1 | N95: GBP | O95: 61999.412 | P95: 61999.412 | Q95: 61999.412 | R95: 83538.007 | S95: 1 | T95: =R95*S95 -> 83538.007 | U95: =T95*Fx!$C$7 -> 86299.594
A96: S33_FA_Lloyds | C96: AU | D96: Australia | E96: Belair | F96: 27 | G96: Adelaide | H96: South Australia | I96: -35.00126 | J96: 138.62201 | K96: 2 | M96: 1 | N96: GBP | O96: 369477.58 | P96: 369477.58 | Q96: 369477.58 | R96: 497834.09 | S96: 1 | T96: =R96*S96 -> 497834.09 | U96: =T96*Fx!$C$7 -> 514291.42
A97: S33_FA_Lloyds | C97: AU | D97: Australia | E97: Cheltenham | F97: 33 | G97: Melbourne | H97: Victoria | I97: -37.961203 | J97: 145.03175 | K97: 2 | M97: 1 | N97: GBP | O97: 482569.77 | P97: 482569.77 | Q97: 482569.77 | R97: 650214.51 | S97: 1 | T97: =R97*S97 -> 650214.51 | U97: =T97*Fx!$C$7 -> 671709.2
A98: S33_FA_Lloyds | C98: AU | D98: Australia | E98: SYDNEY | I98: 0 | J98: 0 | K98: 0 | M98: 1 | N98: GBP | O98: 2387123.8 | P98: 2387123.8 | Q98: 2387123.8 | R98: 3216410.6 | S98: 1 | T98: =R98*S98 -> 3216410.6 | U98: =T98*Fx!$C$7 -> 3322738.2
A99: S33_FA_Lloyds | C99: AU | D99: Australia | E99: NULL | I99: 0 | J99: 0 | K99: 0 | M99: 1 | N99: GBP | O99: 13954.42 | P99: 13954.42 | Q99: 13954.42 | R99: 18802.186 | S99: 1 | T99: =R99*S99 -> 18802.186 | U99: =T99*Fx!$C$7 -> 19423.745
A100: S33_FA_Lloyds | C100: AU | D100: Australia | E100: Mascot | F100: 41 | G100: Sydney | H100: New South Wales | I100: -33.927914 | J100: 151.18542 | K100: 2 | M100: 1 | N100: GBP | O100: 1320464.5 | P100: 1320464.5 | Q100: 1320464.5 | R100: 1779193.9 | S100: 1 | T100: =R100*S100 -> 1779193.9 | U100: =T100*Fx!$C$7 -> 1838010.3
A101: S33_FA_Lloyds | C101: AU | D101: Australia | E101: Harristown | F101: 15 | G101: Darling Downs | H101: Queensland | I101: -27.5749 | J101: 151.94073 | K101: 4 | M101: 1 | N101: GBP | O101: 2548892.7 | P101: 2548892.7 | Q101: 2548892.7 | R101: 3434378 | S101: 1 | T101: =R101*S101 -> 3434378 | U101: =T101*Fx!$C$7 -> 3547911.2
A102: S33_FA_Lloyds | C102: AU | D102: Australia | E102: South Yarra | F102: 33 | G102: Melbourne | H102: Victoria | I102: -37.846115 | J102: 144.98965 | K102: 2 | M102: 1 | N102: GBP | O102: 1320464.5 | P102: 1320464.5 | Q102: 1320464.5 | R102: 1779193.9 | S102: 1 | T102: =R102*S102 -> 1779193.9 | U102: =T102*Fx!$C$7 -> 1838010.3
A103: S33_FA_Lloyds | C103: AU | D103: Australia | E103: Rose Bay | F103: 41 | G103: Sydney | H103: New South Wales | I103: -33.864238 | J103: 151.26983 | K103: 2 | M103: 1 | N103: GBP | O103: 773250 | P103: 773250 | Q103: 773250 | R103: 1041877 | S103: 1 | T103: =R103*S103 -> 1041877 | U103: =T103*Fx!$C$7 -> 1076319.3
A104: S33_FA_Lloyds | C104: AU | D104: Australia | E104: Paddington | F104: 41 | G104: Sydney | H104: New South Wales | I104: -33.879324 | J104: 151.22583 | K104: 2 | M104: 1 | N104: GBP | O104: 1320464.5 | P104: 1320464.5 | Q104: 1320464.5 | R104: 1779193.9 | S104: 1 | T104: =R104*S104 -> 1779193.9 | U104: =T104*Fx!$C$7 -> 1838010.3
A105: S33_FA_Lloyds | C105: AU | D105: Australia | E105: Cavan | F105: 39 | G105: Southern Tablelands | H105: New South Wales | I105: -35.010149 | J105: 148.86095 | K105: 2 | M105: 1 | N105: GBP | O105: 198295.36 | P105: 198295.36 | Q105: 198295.36 | R105: 267183.17 | S105: 1 | T105: =R105*S105 -> 267183.17 | U105: =T105*Fx!$C$7 -> 276015.67
A106: S33_FA_Lloyds | C106: AU | D106: Australia | E106: Sydney | F106: 41 | G106: Sydney | H106: New South Wales | I106: -33.86764 | J106: 151.20968 | K106: 4 | M106: 1 | N106: GBP | O106: 32628.785 | P106: 32628.785 | Q106: 32628.785 | R106: 43964.025 | S106: 1 | T106: =R106*S106 -> 43964.025 | U106: =T106*Fx!$C$7 -> 45417.381
A107: S33_FA_Lloyds | C107: AU | D107: Australia | E107: Darwin City | F107: 17 | G107: Darwin | H107: Northern Territory | I107: -12.46065 | J107: 130.84555 | K107: 4 | M107: 1 | N107: GBP | O107: 6443.867 | P107: 6443.867 | Q107: 6443.867 | R107: 8682.4664 | S107: 1 | T107: =R107*S107 -> 8682.4664 | U107: =T107*Fx!$C$7 -> 8969.4901
A108: S33_FA_Lloyds | C108: AU | D108: Australia | E108: Chatswood | F108: 43 | G108: Sydney | H108: New South Wales | I108: -33.790092 | J108: 151.20268 | K108: 2 | M108: 1 | N108: GBP | O108: 1488.5237 | P108: 1488.5237 | Q108: 1488.5237 | R108: 2005.6368 | S108: 1 | T108: =R108*S108 -> 2005.6368 | U108: =T108*Fx!$C$7 -> 2071.9388
A109: S33_FA_Lloyds | C109: AU | D109: Australia | E109: Acton | F109: 39 | G109: Canberra | H109: Australian Capital Territory | I109: -35.29009 | J109: 149.11846 | K109: 4 | M109: 1 | N109: GBP | O109: 4056800 | P109: 4056800 | Q109: 4056800 | R109: 5466132.3 | S109: 1 | T109: =R109*S109 -> 5466132.3 | U109: =T109*Fx!$C$7 -> 5646830.9
A110: S33_FA_Lloyds | C110: AU | D110: Australia | E110: NULL | I110: 0 | J110: 0 | K110: 0 | M110: 1 | N110: GBP | O110: 12702167 | P110: 12702167 | Q110: 12702167 | R110: 17114899 | S110: 1 | T110: =R110*S110 -> 17114899 | U110: =T110*Fx!$C$7 -> 17680681
A111: S33_FA_Lloyds | C111: AU | D111: Australia | E111: Bellevue Hill | F111: 41 | G111: Sydney | H111: New South Wales | I111: -33.883694 | J111: 151.25053 | K111: 2 | M111: 1 | N111: GBP | O111: 261596.03 | P111: 261596.03 | Q111: 261596.03 | R111: 352474.49 | S111: 1 | T111: =R111*S111 -> 352474.49 | U111: =T111*Fx!$C$7 -> 364126.54
A112: S33_FA_Lloyds | C112: AU | D112: Australia | E112: Hobart | F112: 29 | G112: Hobart | H112: Tasmania | I112: -42.88167 | J112: 147.33266 | K112: 4 | M112: 1 | N112: GBP | O112: 1100000 | P112: 1100000 | Q112: 1100000 | R112: 1482140 | S112: 1 | T112: =R112*S112 -> 1482140 | U112: =T112*Fx!$C$7 -> 1531136.4
A113: S33_FA_Lloyds | C113: AU | D113: Australia | E113: Surfers Paradise | F113: 1 | G113: Gold Coast | H113: Queensland | I113: -28.001513 | J113: 153.41668 | K113: 2 | M113: 1 | N113: GBP | O113: 3148100 | P113: 3148100 | Q113: 3148100 | R113: 4241749.9 | S113: 1 | T113: =R113*S113 -> 4241749.9 | U113: =T113*Fx!$C$7 -> 4381973.1
A114: S33_FA_Lloyds | C114: AU | D114: Australia | E114: Southbank | F114: 33 | G114: Melbourne | H114: Victoria | I114: -37.821162 | J114: 144.96672 | K114: 2 | M114: 1 | N114: GBP | O114: 396524.46 | P114: 396524.46 | Q114: 396524.46 | R114: 534277.06 | S114: 1 | T114: =R114*S114 -> 534277.06 | U114: =T114*Fx!$C$7 -> 551939.11
A115: S33_FA_Lloyds | C115: AU | D115: Australia | E115: BRISBANE | I115: 0 | J115: 0 | K115: 0 | M115: 1 | N115: GBP | O115: 164995.65 | P115: 164995.65 | Q115: 164995.65 | R115: 222315.13 | S115: 1 | T115: =R115*S115 -> 222315.13 | U115: =T115*Fx!$C$7 -> 229664.39
A116: S33_FA_Lloyds | C116: AU | D116: Australia | E116: Melbourne | F116: 33 | G116: Melbourne | H116: Victoria | I116: -37.81615 | J116: 144.96355 | K116: 2 | M116: 1 | N116: GBP | O116: 72149.559 | P116: 72149.559 | Q116: 72149.559 | R116: 97214.315 | S116: 1 | T116: =R116*S116 -> 97214.315 | U116: =T116*Fx!$C$7 -> 100428.01
A117: S33_FA_Lloyds | C117: AU | D117: Australia | E117: Sydney | F117: 41 | G117: Sydney | H117: New South Wales | I117: -33.866514 | J117: 151.2091 | K117: 2 | M117: 1 | N117: GBP | O117: 173635.6 | P117: 173635.6 | Q117: 173635.6 | R117: 233956.61 | S117: 1 | T117: =R117*S117 -> 233956.61 | U117: =T117*Fx!$C$7 -> 241690.71
A118: S33_FA_Lloyds | C118: AU | D118: Australia | E118: Coopers Shoot | F118: 49 | G118: Upper North Coast | H118: New South Wales | I118: -28.686542 | J118: 153.5898 | K118: 2 | M118: 1 | N118: GBP | O118: 144050.68 | P118: 144050.68 | Q118: 144050.68 | R118: 194093.88 | S118: 1 | T118: =R118*S118 -> 194093.88 | U118: =T118*Fx!$C$7 -> 200510.21
A119: S33_FA_Lloyds | C119: AU | D119: Australia | E119: Macmasters Beach | F119: 44 | G119: Central Coast | H119: New South Wales | I119: -33.50667 | J119: 151.40857 | K119: 2 | M119: 1 | N119: GBP | O119: 483728.9 | P119: 483728.9 | Q119: 483728.9 | R119: 651776.32 | S119: 1 | T119: =R119*S119 -> 651776.32 | U119: =T119*Fx!$C$7 -> 673322.64
A120: S33_FA_Lloyds | C120: BE | D120: Belgium | E120: Elsene | F120: 1 | G120: Brussel Hoofdstad | H120: Brussels | I120: 50.81882 | J120: 4.36759 | K120: 2 | L120: BEL_1 | M120: 1 | N120: GBP | O120: 10431272 | P120: 10431272 | Q120: 10431272 | R120: 14055096 | S120: 1 | T120: =R120*S120 -> 14055096 | U120: =T120*Fx!$C$7 -> 14519727
A121: S33_FA_Lloyds | C121: BE | D121: Belgium | E121: Oudergem | F121: 1 | G121: Brussel Hoofdstad | H121: Brussels | I121: 50.82261 | J121: 4.43738 | K121: 4 | L121: BEL_1 | M121: 1 | N121: GBP | O121: 1238400 | P121: 1238400 | Q121: 1238400 | R121: 1668620.2 | S121: 1 | T121: =R121*S121 -> 1668620.2 | U121: =T121*Fx!$C$7 -> 1723781.2
A122: S33_FA_Lloyds | C122: BE | D122: Belgium | E122: Oudenaarde | F122: 9 | G122: Oudenaarde | H122: Oost-Vlaanderen | I122: 50.84232 | J122: 3.64071 | K122: 2 | L122: BEL_9 | M122: 1 | N122: GBP | O122: 517200 | P122: 517200 | Q122: 517200 | R122: 696875.28 | S122: 1 | T122: =R122*S122 -> 696875.28 | U122: =T122*Fx!$C$7 -> 719912.48
A123: S33_FA_Lloyds | C123: BE | D123: Belgium | E123: Elsene | F123: 1 | G123: Brussel Hoofdstad | H123: Brussels | I123: 50.83832 | J123: 4.36303 | K123: 2 | L123: BEL_1 | M123: 1 | N123: GBP | O123: 290120 | P123: 290120 | Q123: 290120 | R123: 390907.69 | S123: 1 | T123: =R123*S123 -> 390907.69 | U123: =T123*Fx!$C$7 -> 403830.26
A124: S33_FA_Lloyds | C124: BE | D124: Belgium | E124: Schaarbeek | F124: 1 | G124: Brussel Hoofdstad | H124: Brussels | I124: 50.87052 | J124: 4.39033 | K124: 2 | L124: BEL_1 | M124: 1 | N124: GBP | O124: 533968.48 | P124: 533968.48 | Q124: 533968.48 | R124: 719469.13 | S124: 1 | T124: =R124*S124 -> 719469.13 | U124: =T124*Fx!$C$7 -> 743253.23
A125: S33_FA_Lloyds | C125: BE | D125: Belgium | E125: Watermaal-Bosvoorde | F125: 1 | G125: Brussel Hoofdstad | H125: Brussels | I125: 50.79976 | J125: 4.42552 | K125: 2 | L125: BEL_1 | M125: 1 | N125: GBP | O125: 351679.82 | P125: 351679.82 | Q125: 351679.82 | R125: 473853.39 | S125: 1 | T125: =R125*S125 -> 473853.39 | U125: =T125*Fx!$C$7 -> 489517.97
A126: S33_FA_Lloyds | C126: BE | D126: Belgium | E126: Court-Saint-Etienne | F126: 1 | G126: Nivelles | H126: Brabant Wallon | I126: 50.628513 | J126: 4.5589498 | K126: 5 | L126: BEL_1 | M126: 1 | N126: GBP | O126: 1928120 | P126: 1928120 | Q126: 1928120 | R126: 2597948.9 | S126: 1 | T126: =R126*S126 -> 2597948.9 | U126: =T126*Fx!$C$7 -> 2683831.5
A127: S33_FA_Lloyds | C127: BE | D127: Belgium | E127: Brasschaat | F127: 2 | G127: Antwerpen | H127: Antwerpen | I127: 51.28524 | J127: 4.46926 | K127: 2 | L127: BEL_2 | M127: 1 | N127: GBP | O127: 17747855 | P127: 17747855 | Q127: 17747855 | R127: 23913460 | S127: 1 | T127: =R127*S127 -> 23913460 | U127: =T127*Fx!$C$7 -> 24703988
A128: S33_FA_Lloyds | C128: BE | D128: Belgium | E128: Brussel | F128: 1 | G128: Brussel Hoofdstad | H128: Brussels | I128: 50.84 | J128: 4.36553 | K128: 2 | L128: BEL_1 | M128: 1 | N128: GBP | O128: 480000 | P128: 480000 | Q128: 480000 | R128: 646752 | S128: 1 | T128: =R128*S128 -> 646752 | U128: =T128*Fx!$C$7 -> 668132.23
A129: S33_FA_Lloyds | C129: BE | D129: Belgium | E129: Elsene | F129: 1 | G129: Brussel Hoofdstad | H129: Brussels | I129: 50.82176 | J129: 4.37039 | K129: 2 | L129: BEL_1 | M129: 1 | N129: GBP | O129: 3860400 | P129: 3860400 | Q129: 3860400 | R129: 5201503 | S129: 1 | T129: =R129*S129 -> 5201503 | U129: =T129*Fx!$C$7 -> 5373453.5
A130: S33_FA_Lloyds | C130: BE | D130: Belgium | E130: Ukkel | F130: 1 | G130: Brussel Hoofdstad | H130: Brussels | I130: 50.81067 | J130: 4.35443 | K130: 2 | L130: BEL_1 | M130: 1 | N130: GBP | O130: 722987.41 | P130: 722987.41 | Q130: 722987.41 | R130: 974153.24 | S130: 1 | T130: =R130*S130 -> 974153.24 | U130: =T130*Fx!$C$7 -> 1006356.6
...

Sheet Cat Class Mapping
A1: Cat Portfolio Name
A2: HIC_COMM_UK
A3: HIC_FA_UK
A4: HIC_HH_UK
A5: HIG_FA_GU
A6: HIG_HH_GU
A7: HSA_COMM_EU_FR
A8: HSA_COMM_EU_DE
A9: HSA_COMM_EU_IE
A10: HSA_COMM_EU_PT
A11: HSA_COMM_EU_ES
A12: HSA_COMM_UK
... A46: S3624_COMM_UK

Sheet Notes

Sheet Fx
A2: Updated per 1/7/24 RDS instructions
A3: Currency | C3: Lloyd's Fx rate
A4: US dollars | B4: USD | C4: 1
A5: British pounds | B5: GBP | C5: 0.79365079
A6: Canadian Dollars | B6: CAD | C6: 1.3730159
A7: Euro | B7: EUR | C7: =1.25/1.21 -> 1.0330579
A18: GBP
A19: 1 | B19: 1.25 | C19: USD
A20: 1 | B20: 1.21 | C20: EUR
B21: =1.25/1.21 -> 1.0330579
